win,lose,probability
Cleveland Cavaliers,Washington Wizards,0.546465096734957
Los Angeles Lakers,Dallas Mavericks,0.7076558464072151
Miami Heat,Boston Celtics,0.7161880315313176
Chicago Bulls,Sacramento Kings,0.9133941052791097
Houston Rockets,Detroit Pistons,0.6133391859190203
Los Angeles Clippers,Memphis Grizzlies,0.5525368907579981
San Antonio Spurs,New Orleans Pelicans,0.8885008035715457
Philadelphia 76ers,Denver Nuggets,0.5755652099516863
Phoenix Suns,Golden State Warriors,0.8253529240050699
Los Angeles Lakers,Portland Trail Blazers,0.6435953790167092
Indiana Pacers,Toronto Raptors,0.707158318208762
Utah Jazz,Dallas Mavericks,0.6629108689045224
San Antonio Spurs,Oklahoma City Thunder,0.5645831977057332
Atlanta Hawks,Houston Rockets,0.6812372642206487
Boston Celtics,Milwaukee Bucks,0.7093284897636345
Indiana Pacers,Charlotte Hornets,0.9162467671598429
Chicago Bulls,Cleveland Cavaliers,0.8830927693894883
Memphis Grizzlies,Golden State Warriors,0.7528091194478301
Los Angeles Lakers,Los Angeles Clippers,0.563755389486414
Minnesota Timberwolves,Sacramento Kings,0.6340050383873114
Utah Jazz,New Orleans Pelicans,0.623521010034973
Miami Heat,New York Knicks,0.6748467733335184
Oklahoma City Thunder,Portland Trail Blazers,0.8898435163296988
Denver Nuggets,Orlando Magic,0.5532500324775791
Phoenix Suns,Detroit Pistons,0.7518988427229125
Brooklyn Nets,Toronto Raptors,0.5483363463899882
Chicago Bulls,New Orleans Pelicans,0.902591461657337
Dallas Mavericks,Charlotte Hornets,0.9576751121549587
Houston Rockets,Portland Trail Blazers,0.7243497342340557
Indiana Pacers,Sacramento Kings,0.8806506911655494
Los Angeles Clippers,Golden State Warriors,0.879457377967191
Miami Heat,Denver Nuggets,0.7350251201886193
Milwaukee Bucks,Cleveland Cavaliers,0.8293465717952061
San Antonio Spurs,Utah Jazz,0.8262270924632104
Boston Celtics,Washington Wizards,0.7480020147209485
Los Angeles Lakers,Detroit Pistons,0.8211427813075917
New York Knicks,Philadelphia 76ers,0.631243344356985
Oklahoma City Thunder,Atlanta Hawks,0.7139759268937121
Orlando Magic,Phoenix Suns,0.5338242281851542
Toronto Raptors,Minnesota Timberwolves,0.6109820304681948
Brooklyn Nets,Minnesota Timberwolves,0.5313852481245879
Dallas Mavericks,Portland Trail Blazers,0.7442237202851978
Los Angeles Clippers,Cleveland Cavaliers,0.9005477016047658
Memphis Grizzlies,Utah Jazz,0.6935660166161036
Miami Heat,Phoenix Suns,0.7973130104814957
Philadelphia 76ers,New York Knicks,0.606411118645934
Sacramento Kings,Golden State Warriors,0.6519085759834381
San Antonio Spurs,Indiana Pacers,0.7672964863335473
Chicago Bulls,Orlando Magic,0.8110639426051657
Denver Nuggets,Detroit Pistons,0.8292779428413273
Oklahoma City Thunder,Toronto Raptors,0.9095017795773324
Atlanta Hawks,Indiana Pacers,0.5900912886062927
Boston Celtics,Washington Wizards,0.8719546970524388
Phoenix Suns,Charlotte Hornets,0.8865987985797248
Dallas Mavericks,Toronto Raptors,0.7835476782680725
Golden State Warriors,Cleveland Cavaliers,0.7065627183622311
Denver Nuggets,Houston Rockets,0.5572748046364802
San Antonio Spurs,Los Angeles Clippers,0.712830310862148
Miami Heat,Brooklyn Nets,0.9337245308797233
Memphis Grizzlies,Milwaukee Bucks,0.60142245854056
Orlando Magic,Minnesota Timberwolves,0.5864778869855065
Philadelphia 76ers,New Orleans Pelicans,0.6252854554725782
Sacramento Kings,Detroit Pistons,0.5456625555134093
Utah Jazz,Los Angeles Lakers,0.5173816078685527
Oklahoma City Thunder,Chicago Bulls,0.5062377531994906
Los Angeles Clippers,Portland Trail Blazers,0.6483681002720003
Miami Heat,Atlanta Hawks,0.6329543623441416
Boston Celtics,Philadelphia 76ers,0.6786235842104404
Denver Nuggets,Utah Jazz,0.6680377193260193
Los Angeles Lakers,Golden State Warriors,0.8774378404651271
Memphis Grizzlies,Houston Rockets,0.6997174351449735
Indiana Pacers,Minnesota Timberwolves,0.7105363636095784
New Orleans Pelicans,Charlotte Hornets,0.9139972684478931
New York Knicks,Dallas Mavericks,0.6870127184288702
Oklahoma City Thunder,Detroit Pistons,0.8959921216437118
Orlando Magic,Brooklyn Nets,0.8039679163862185
Phoenix Suns,Cleveland Cavaliers,0.8543416262916951
San Antonio Spurs,Sacramento Kings,0.9062796550699019
Milwaukee Bucks,Washington Wizards,0.616996963461687
Dallas Mavericks,Charlotte Hornets,0.8563484123992834
Chicago Bulls,Minnesota Timberwolves,0.9039092786144628
Denver Nuggets,Golden State Warriors,0.7392599764556225
Houston Rockets,Detroit Pistons,0.7370055912327667
Indiana Pacers,Washington Wizards,0.8890000186656193
Boston Celtics,Milwaukee Bucks,0.6069499418304458
San Antonio Spurs,Portland Trail Blazers,0.8577070993714486
Philadelphia 76ers,Toronto Raptors,0.6278802465552733
Utah Jazz,Phoenix Suns,0.5999169465986687
Orlando Magic,Brooklyn Nets,0.6589889119946459
Los Angeles Clippers,Atlanta Hawks,0.575501017446349
Los Angeles Lakers,Sacramento Kings,0.848685659604144
Miami Heat,Memphis Grizzlies,0.6126400139436724
Oklahoma City Thunder,Cleveland Cavaliers,0.9434152434815564
Chicago Bulls,Boston Celtics,0.6900533005283946
Dallas Mavericks,Minnesota Timberwolves,0.7717495841298971
Oklahoma City Thunder,Detroit Pistons,0.8569046138613965
Miami Heat,Houston Rockets,0.7550998989997318
Philadelphia 76ers,Milwaukee Bucks,0.6944737596980705
Denver Nuggets,Phoenix Suns,0.5378789579084844
Atlanta Hawks,Portland Trail Blazers,0.6417283435772262
Utah Jazz,Toronto Raptors,0.6261207136755775
Brooklyn Nets,Cleveland Cavaliers,0.6682213003186869
Washington Wizards,Charlotte Hornets,0.7032917426608396
Indiana Pacers,Toronto Raptors,0.8757176794097326
San Antonio Spurs,Los Angeles Lakers,0.716686412656809
New York Knicks,Orlando Magic,0.521525151616643
Sacramento Kings,Portland Trail Blazers,0.5296749042663587
Boston Celtics,Utah Jazz,0.6802622089576069
Dallas Mavericks,Washington Wizards,0.8044811651245257
Atlanta Hawks,Golden State Warriors,0.7350204338898505
Houston Rockets,New Orleans Pelicans,0.7504922957450155
Miami Heat,Los Angeles Clippers,0.6487249522761407
Indiana Pacers,Milwaukee Bucks,0.5809090033948734
Minnesota Timberwolves,Charlotte Hornets,0.9118142199250809
Oklahoma City Thunder,Memphis Grizzlies,0.6945266481060567
Philadelphia 76ers,Detroit Pistons,0.8270934042941667
Chicago Bulls,Phoenix Suns,0.6937057165847549
Boston Celtics,Brooklyn Nets,0.7884089421100295
Miami Heat,Denver Nuggets,0.6401335533040282
San Antonio Spurs,New York Knicks,0.7870778835292405
Orlando Magic,Detroit Pistons,0.5763785990727175
Indiana Pacers,Dallas Mavericks,0.7610242586098459
Los Angeles Lakers,Phoenix Suns,0.648591121806351
Memphis Grizzlies,New York Knicks,0.6376374182599833
Minnesota Timberwolves,Golden State Warriors,0.6885814214611993
Oklahoma City Thunder,New Orleans Pelicans,0.858617742344415
Philadelphia 76ers,Utah Jazz,0.6646243716873278
Houston Rockets,Portland Trail Blazers,0.5489102216329134
Atlanta Hawks,Sacramento Kings,0.7418356146978273
Boston Celtics,Toronto Raptors,0.8569608804441219
Memphis Grizzlies,Charlotte Hornets,0.9225350971031211
Dallas Mavericks,Cleveland Cavaliers,0.6760911657650495
Chicago Bulls,Los Angeles Clippers,0.5946551887406202
Milwaukee Bucks,New Orleans Pelicans,0.7293798194498107
Miami Heat,Phoenix Suns,0.7403324426427975
San Antonio Spurs,Denver Nuggets,0.764901709643358
Utah Jazz,Washington Wizards,0.6488456638344027
Boston Celtics,Detroit Pistons,0.7240207484274199
Los Angeles Lakers,Houston Rockets,0.6619558874412522
New York Knicks,Indiana Pacers,0.5446472081627447
Oklahoma City Thunder,Golden State Warriors,0.9307162191049015
Philadelphia 76ers,Cleveland Cavaliers,0.902513348657608
Chicago Bulls,Portland Trail Blazers,0.7808195272466836
Sacramento Kings,Brooklyn Nets,0.6335973065960117
Orlando Magic,Toronto Raptors,0.5825027551519055
Atlanta Hawks,Orlando Magic,0.7135951149691273
Milwaukee Bucks,Charlotte Hornets,0.8686700892767427
Dallas Mavericks,Golden State Warriors,0.828727910086117
Memphis Grizzlies,Denver Nuggets,0.6076553963954971
San Antonio Spurs,Los Angeles Clippers,0.7636189432360089
Utah Jazz,Houston Rockets,0.6140312749558016
Indiana Pacers,Washington Wizards,0.7271045037600488
Los Angeles Lakers,Brooklyn Nets,0.8685991563377089
New York Knicks,New Orleans Pelicans,0.6805367997450473
Philadelphia 76ers,Toronto Raptors,0.8480345119425373
Atlanta Hawks,Washington Wizards,0.869180383715124
San Antonio Spurs,Boston Celtics,0.6933910312377973
Toronto Raptors,Charlotte Hornets,0.7293054678075934
Philadelphia 76ers,Cleveland Cavaliers,0.7280005176750455
New York Knicks,Dallas Mavericks,0.500138756020668
Golden State Warriors,Brooklyn Nets,0.641749633853619
Chicago Bulls,Houston Rockets,0.7100864641099095
Indiana Pacers,New Orleans Pelicans,0.8663614099561859
Miami Heat,Milwaukee Bucks,0.822998213501769
Denver Nuggets,Minnesota Timberwolves,0.713277336755952
Oklahoma City Thunder,Los Angeles Clippers,0.708017123924227
Orlando Magic,Detroit Pistons,0.7401524340407241
Phoenix Suns,Portland Trail Blazers,0.7397065607239421
Los Angeles Lakers,Sacramento Kings,0.7433895752467311
Oklahoma City Thunder,Boston Celtics,0.6328259094125503
Los Angeles Clippers,Brooklyn Nets,0.7734407468950628
Atlanta Hawks,Charlotte Hornets,0.9155909569689858
Denver Nuggets,Golden State Warriors,0.8833761339826688
Detroit Pistons,Toronto Raptors,0.6329325428391871
New York Knicks,Houston Rockets,0.5255906529599594
San Antonio Spurs,Indiana Pacers,0.6578678470095084
Memphis Grizzlies,Los Angeles Lakers,0.6109286935343713
Orlando Magic,Cleveland Cavaliers,0.8464549421698117
Phoenix Suns,New Orleans Pelicans,0.764865467155963
Portland Trail Blazers,Minnesota Timberwolves,0.6773620487979879
Utah Jazz,Sacramento Kings,0.8200367468753684
Atlanta Hawks,Los Angeles Clippers,0.5851274714793249
Los Angeles Lakers,Dallas Mavericks,0.5285842747939732
Golden State Warriors,Minnesota Timberwolves,0.5754941033128014
Miami Heat,Cleveland Cavaliers,0.9498432331237939
Chicago Bulls,Milwaukee Bucks,0.7321513726128426
Oklahoma City Thunder,Philadelphia 76ers,0.6491637684928865
Utah Jazz,Sacramento Kings,0.6677518927505242
Washington Wizards,Charlotte Hornets,0.9049949824516449
Portland Trail Blazers,Brooklyn Nets,0.506117690420852
Denver Nuggets,New Orleans Pelicans,0.8390660535961592
New York Knicks,Detroit Pistons,0.8063199826096328
Boston Celtics,Orlando Magic,0.5765068282558581
Philadelphia 76ers,Phoenix Suns,0.6578908005937948
San Antonio Spurs,Toronto Raptors,0.8895947321444149
New York Knicks,Brooklyn Nets,0.7489585432934291
Chicago Bulls,Milwaukee Bucks,0.8040074504955468
Detroit Pistons,Portland Trail Blazers,0.5808819993359072
Los Angeles Clippers,New Orleans Pelicans,0.833938294983379
Memphis Grizzlies,Cleveland Cavaliers,0.9135949558590936
Oklahoma City Thunder,Charlotte Hornets,0.9843303904793577
Utah Jazz,Denver Nuggets,0.5139474405999029
San Antonio Spurs,Washington Wizards,0.8988913964045605
Phoenix Suns,Cleveland Cavaliers,0.7324404590958664
Houston Rockets,Toronto Raptors,0.7657675209116751
Los Angeles Lakers,Indiana Pacers,0.5687864694837639
Philadelphia 76ers,Dallas Mavericks,0.7160766851697542
Sacramento Kings,Minnesota Timberwolves,0.5668516942966505
Atlanta Hawks,Charlotte Hornets,0.9733595746428362
Boston Celtics,Brooklyn Nets,0.8808697521536266
Chicago Bulls,Dallas Mavericks,0.8198743242444365
Phoenix Suns,Detroit Pistons,0.627274191565201
Los Angeles Clippers,Minnesota Timberwolves,0.836016160260191
Memphis Grizzlies,Toronto Raptors,0.8643783003537054
New York Knicks,Milwaukee Bucks,0.55285514097671
Utah Jazz,New Orleans Pelicans,0.623521010034973
Oklahoma City Thunder,Houston Rockets,0.786066859336255
San Antonio Spurs,Orlando Magic,0.803044484156164
Washington Wizards,Portland Trail Blazers,0.5505529075639961
Denver Nuggets,Golden State Warriors,0.7392599764556225
San Antonio Spurs,Miami Heat,0.5427333945658166
Atlanta Hawks,Cleveland Cavaliers,0.9065188647928054
Boston Celtics,Portland Trail Blazers,0.8280473279362585
Philadelphia 76ers,Charlotte Hornets,0.8843129432155666
Los Angeles Lakers,Denver Nuggets,0.5655056241460168
Memphis Grizzlies,Detroit Pistons,0.8452784870845215
Milwaukee Bucks,Minnesota Timberwolves,0.5974449627982157
New York Knicks,Washington Wizards,0.8466356903148035
Oklahoma City Thunder,Utah Jazz,0.7811310392992732
Orlando Magic,Brooklyn Nets,0.8039679163862185
Indiana Pacers,Sacramento Kings,0.7434631578448205
Phoenix Suns,Toronto Raptors,0.6331308965390481
Chicago Bulls,Philadelphia 76ers,0.7802048419833995
Portland Trail Blazers,Cleveland Cavaliers,0.5399407425076272
Dallas Mavericks,Detroit Pistons,0.7562741316504432
Indiana Pacers,Golden State Warriors,0.7366756909650197
Houston Rockets,Utah Jazz,0.5372477310672312
Los Angeles Clippers,Sacramento Kings,0.8510985670822259
Miami Heat,Brooklyn Nets,0.9337245308797233
Boston Celtics,Milwaukee Bucks,0.6069499418304458
Oklahoma City Thunder,New Orleans Pelicans,0.858617742344415
San Antonio Spurs,Memphis Grizzlies,0.7517968563406833
Los Angeles Lakers,Orlando Magic,0.6953958453306002
New York Knicks,Phoenix Suns,0.6259816384296619
Portland Trail Blazers,Charlotte Hornets,0.7702148479459627
Denver Nuggets,Toronto Raptors,0.8500024579948317
Detroit Pistons,Cleveland Cavaliers,0.7409704008960554
Orlando Magic,Golden State Warriors,0.6177938957606557
Milwaukee Bucks,New Orleans Pelicans,0.5908238940247073
Utah Jazz,Los Angeles Clippers,0.5121686793300924
Oklahoma City Thunder,Brooklyn Nets,0.894794855712271
Chicago Bulls,Indiana Pacers,0.712666864206862
Los Angeles Lakers,Houston Rockets,0.5538797358084055
Memphis Grizzlies,Phoenix Suns,0.687139993404682
Philadelphia 76ers,Minnesota Timberwolves,0.8390292720532128
Miami Heat,Washington Wizards,0.8686684168665444
Atlanta Hawks,Denver Nuggets,0.5868547986924102
Boston Celtics,Minnesota Timberwolves,0.8483900364103987
New York Knicks,Charlotte Hornets,0.9070485199356537
Chicago Bulls,Cleveland Cavaliers,0.8830927693894883
Detroit Pistons,Golden State Warriors,0.697410064299963
Indiana Pacers,Portland Trail Blazers,0.8499316298928019
Los Angeles Clippers,Dallas Mavericks,0.7115533146050222
Los Angeles Lakers,New Orleans Pelicans,0.7047762203250462
Sacramento Kings,Toronto Raptors,0.5835253646166797
San Antonio Spurs,Milwaukee Bucks,0.8450467135926301
Utah Jazz,Orlando Magic,0.6497032719598904
Miami Heat,New York Knicks,0.7591320251235496
Phoenix Suns,Dallas Mavericks,0.6150718103371063
Atlanta Hawks,Washington Wizards,0.869180383715124
Brooklyn Nets,Golden State Warriors,0.6187221453919743
Chicago Bulls,Detroit Pistons,0.8228169398459271
Indiana Pacers,Denver Nuggets,0.6313038130794628
Milwaukee Bucks,Charlotte Hornets,0.9482147148465864
Minnesota Timberwolves,Cleveland Cavaliers,0.7329260002958871
Memphis Grizzlies,New Orleans Pelicans,0.7222042689477193
Oklahoma City Thunder,Los Angeles Lakers,0.7123127772178733
Philadelphia 76ers,Boston Celtics,0.5522968609756818
Orlando Magic,Sacramento Kings,0.6260903388672284
San Antonio Spurs,Houston Rockets,0.8303667812107354
Utah Jazz,Toronto Raptors,0.8131300251639041
Boston Celtics,Philadelphia 76ers,0.6786235842104404
San Antonio Spurs,Charlotte Hornets,0.9733355239912468
Chicago Bulls,New York Knicks,0.7354912736906172
Detroit Pistons,Cleveland Cavaliers,0.5239274131961442
Houston Rockets,Dallas Mavericks,0.596374099399929
Los Angeles Clippers,Phoenix Suns,0.6528897840583402
Memphis Grizzlies,Atlanta Hawks,0.6128594044454313
Miami Heat,New Orleans Pelicans,0.9130627864034059
Portland Trail Blazers,Sacramento Kings,0.7018323067360818
Washington Wizards,Golden State Warriors,0.670733581983438
Milwaukee Bucks,Brooklyn Nets,0.6691178833073254
Los Angeles Clippers,Toronto Raptors,0.8451588556250784
Los Angeles Lakers,Utah Jazz,0.6554118612681717
New York Knicks,Denver Nuggets,0.5413308059524402
Oklahoma City Thunder,Indiana Pacers,0.7122337180915562
Phoenix Suns,Orlando Magic,0.6011176659566586
Golden State Warriors,Charlotte Hornets,0.6683927928892683
Dallas Mavericks,Sacramento Kings,0.7912670947108392
San Antonio Spurs,Houston Rockets,0.805609559470569
Miami Heat,Atlanta Hawks,0.7392646143731947
Philadelphia 76ers,Detroit Pistons,0.8270934042941667
Portland Trail Blazers,Toronto Raptors,0.692092444410192
New York Knicks,Brooklyn Nets,0.7489585432934291
Chicago Bulls,Los Angeles Clippers,0.7084540188513863
Los Angeles Lakers,Cleveland Cavaliers,0.7929179298208291
Denver Nuggets,Detroit Pistons,0.7047156349685293
New Orleans Pelicans,Washington Wizards,0.659003369462282
Boston Celtics,Dallas Mavericks,0.7302889947169722
Los Angeles Clippers,Charlotte Hornets,0.91780536497562
Houston Rockets,Washington Wizards,0.7879552110360206
Indiana Pacers,Cleveland Cavaliers,0.9211944799528541
Miami Heat,Golden State Warriors,0.9384927569260242
Milwaukee Bucks,Sacramento Kings,0.7541596474986747
Denver Nuggets,Minnesota Timberwolves,0.713277336755952
Oklahoma City Thunder,New Orleans Pelicans,0.9024054137026385
Atlanta Hawks,Orlando Magic,0.5478359243611429
Chicago Bulls,Philadelphia 76ers,0.5893068394274168
Memphis Grizzlies,Phoenix Suns,0.5556020223333813
Toronto Raptors,Brooklyn Nets,0.6748283327961685
San Antonio Spurs,Utah Jazz,0.7569108110120283
Atlanta Hawks,Charlotte Hornets,0.9733595746428362
New York Knicks,Los Angeles Lakers,0.544742879299918
San Antonio Spurs,Portland Trail Blazers,0.8577070993714486
Brooklyn Nets,Detroit Pistons,0.5099610064636276
Milwaukee Bucks,Cleveland Cavaliers,0.6984294522205337
Denver Nuggets,Memphis Grizzlies,0.56178795265545
Boston Celtics,Houston Rockets,0.5804809553356022
Indiana Pacers,Philadelphia 76ers,0.7129321016271958
New Orleans Pelicans,Minnesota Timberwolves,0.6136146640604798
Oklahoma City Thunder,Sacramento Kings,0.9132267065187348
Orlando Magic,Golden State Warriors,0.8162342585475137
Phoenix Suns,Utah Jazz,0.5566482337704223
Dallas Mavericks,Toronto Raptors,0.5681968147257013
Los Angeles Lakers,Washington Wizards,0.7270279517878873
Atlanta Hawks,Golden State Warriors,0.8865352698098204
Orlando Magic,Charlotte Hornets,0.8634027533472771
Chicago Bulls,Brooklyn Nets,0.9255388995996939
Indiana Pacers,Detroit Pistons,0.7019270180290269
Miami Heat,Washington Wizards,0.9284435284311826
Los Angeles Clippers,Milwaukee Bucks,0.5858875721409297
Dallas Mavericks,Minnesota Timberwolves,0.5722081239470636
New York Knicks,Cleveland Cavaliers,0.8895914946903031
San Antonio Spurs,Boston Celtics,0.7474588071424455
Memphis Grizzlies,Utah Jazz,0.5039301208587972
Philadelphia 76ers,Los Angeles Lakers,0.5789207102774625
Portland Trail Blazers,New Orleans Pelicans,0.6740576314153923
Denver Nuggets,Sacramento Kings,0.7460037978061524
Houston Rockets,Toronto Raptors,0.6192819564626015
Los Angeles Clippers,Detroit Pistons,0.7061950649211557
Chicago Bulls,Memphis Grizzlies,0.5568104670479719
New York Knicks,Houston Rockets,0.6397286498295486
San Antonio Spurs,Oklahoma City Thunder,0.5741315918675332
Orlando Magic,Minnesota Timberwolves,0.7563217089455867
Phoenix Suns,Sacramento Kings,0.7873433497022385
Utah Jazz,Brooklyn Nets,0.6987486129137594
Chicago Bulls,Boston Celtics,0.6900533005283946
Cleveland Cavaliers,Toronto Raptors,0.5145756149125115
Dallas Mavericks,Philadelphia 76ers,0.5606107286564004
San Antonio Spurs,Denver Nuggets,0.7050940405437127
Golden State Warriors,New Orleans Pelicans,0.5718059006515872
Los Angeles Lakers,Charlotte Hornets,0.9709958332106532
Miami Heat,Minnesota Timberwolves,0.9142523976053617
Indiana Pacers,Milwaukee Bucks,0.5809090033948734
Atlanta Hawks,Washington Wizards,0.7254115079003289
Oklahoma City Thunder,Atlanta Hawks,0.6385280871563743
Boston Celtics,Cleveland Cavaliers,0.9085846162808685
Houston Rockets,Philadelphia 76ers,0.5353767703422262
Indiana Pacers,Utah Jazz,0.7144693973644959
Los Angeles Clippers,New Orleans Pelicans,0.833938294983379
Memphis Grizzlies,Milwaukee Bucks,0.7219172826278544
New York Knicks,Brooklyn Nets,0.8570245105025551
Orlando Magic,Washington Wizards,0.7906655761408333
Phoenix Suns,Charlotte Hornets,0.9567083468110468
Sacramento Kings,Golden State Warriors,0.6519085759834381
Toronto Raptors,Detroit Pistons,0.590391740222629
Miami Heat,Dallas Mavericks,0.7357709599639317
Oklahoma City Thunder,Minnesota Timberwolves,0.8619182513315112
Denver Nuggets,Portland Trail Blazers,0.6467431446125397
Boston Celtics,Milwaukee Bucks,0.7093284897636345
Indiana Pacers,Cleveland Cavaliers,0.7929812652613172
Detroit Pistons,Washington Wizards,0.6621516396216127
Golden State Warriors,Charlotte Hornets,0.9007172556163806
Los Angeles Clippers,Sacramento Kings,0.8510985670822259
Memphis Grizzlies,Dallas Mavericks,0.7422998018753135
Chicago Bulls,New York Knicks,0.6224577944410445
Philadelphia 76ers,Atlanta Hawks,0.5809012949744056
San Antonio Spurs,New Orleans Pelicans,0.9249157949214593
Orlando Magic,Toronto Raptors,0.5825027551519055
Chicago Bulls,Atlanta Hawks,0.5780360771635298
Denver Nuggets,Charlotte Hornets,0.9725429702609125
Los Angeles Lakers,Golden State Warriors,0.7366008512583436
Memphis Grizzlies,Houston Rockets,0.5748419813576353
Miami Heat,Utah Jazz,0.802127761727192
Milwaukee Bucks,Cleveland Cavaliers,0.8293465717952061
Indiana Pacers,New Orleans Pelicans,0.704856479261951
Phoenix Suns,Portland Trail Blazers,0.5635147605777706
Washington Wizards,Detroit Pistons,0.5664118140872872
Philadelphia 76ers,Brooklyn Nets,0.7003299370815302
New York Knicks,Minnesota Timberwolves,0.8193766922709396
Orlando Magic,Utah Jazz,0.5412971401405408
Los Angeles Clippers,Phoenix Suns,0.5396482347033159
Sacramento Kings,Portland Trail Blazers,0.5296749042663587
San Antonio Spurs,Dallas Mavericks,0.8581772450445575
Boston Celtics,Brooklyn Nets,0.7884089421100295
Chicago Bulls,Houston Rockets,0.7864221974412601
Los Angeles Clippers,Denver Nuggets,0.5701470537153381
Los Angeles Lakers,New York Knicks,0.5965701792366239
Miami Heat,Oklahoma City Thunder,0.5250564951274173
Atlanta Hawks,Detroit Pistons,0.833626508161692
Miami Heat,Charlotte Hornets,0.9644859151200116
Denver Nuggets,Los Angeles Lakers,0.5826585965032836
Memphis Grizzlies,Philadelphia 76ers,0.6919646990913628
Milwaukee Bucks,Brooklyn Nets,0.7833372765532838
Houston Rockets,Minnesota Timberwolves,0.6231334645658853
Orlando Magic,New Orleans Pelicans,0.753531730795419
New York Knicks,Phoenix Suns,0.5060371059027752
Portland Trail Blazers,Sacramento Kings,0.7018323067360818
San Antonio Spurs,Toronto Raptors,0.9305014273006524
Utah Jazz,Golden State Warriors,0.8532916489346907
Washington Wizards,Cleveland Cavaliers,0.7165735268610061
Los Angeles Clippers,Boston Celtics,0.5468155472701663
Oklahoma City Thunder,Dallas Mavericks,0.8195618720708173
Brooklyn Nets,Charlotte Hornets,0.8835640855572909
Atlanta Hawks,Cleveland Cavaliers,0.7915798093332775
Denver Nuggets,Dallas Mavericks,0.5320091947640363
Miami Heat,Detroit Pistons,0.8539278432224644
Philadelphia 76ers,Golden State Warriors,0.6615642106307955
Indiana Pacers,Phoenix Suns,0.7082973617563607
Los Angeles Lakers,Portland Trail Blazers,0.8115002321899513
New Orleans Pelicans,Toronto Raptors,0.6296642762070719
New York Knicks,Sacramento Kings,0.7210657583523943
San Antonio Spurs,Houston Rockets,0.8303667812107354
Utah Jazz,Los Angeles Clippers,0.5121686793300924
Orlando Magic,Washington Wizards,0.6062114630438911
Atlanta Hawks,Indiana Pacers,0.5900912886062927
Brooklyn Nets,Cleveland Cavaliers,0.6682213003186869
New Orleans Pelicans,Charlotte Hornets,0.7454378173406679
Chicago Bulls,Washington Wizards,0.9196617648808768
Boston Celtics,Golden State Warriors,0.7570851313146193
Oklahoma City Thunder,Houston Rockets,0.7595234967498682
Memphis Grizzlies,Denver Nuggets,0.6076553963954971
Miami Heat,Milwaukee Bucks,0.7748252847933086
Phoenix Suns,Minnesota Timberwolves,0.6369244423653772
Orlando Magic,Toronto Raptors,0.7686782317269835
Philadelphia 76ers,Portland Trail Blazers,0.5579633880167254
San Antonio Spurs,Dallas Mavericks,0.7891539842974977
Milwaukee Bucks,Detroit Pistons,0.5874250964158529
Los Angeles Clippers,Utah Jazz,0.6596708682390339
Boston Celtics,Sacramento Kings,0.7635154014594723
Chicago Bulls,Charlotte Hornets,0.9843629682523751
Atlanta Hawks,Houston Rockets,0.5518699641265277
Indiana Pacers,Memphis Grizzlies,0.6145050882244981
Oklahoma City Thunder,Phoenix Suns,0.7759480897571751
Miami Heat,Orlando Magic,0.7520734397587323
San Antonio Spurs,Brooklyn Nets,0.9429365742869198
Denver Nuggets,Los Angeles Clippers,0.577575073411395
Detroit Pistons,Sacramento Kings,0.6435800408257705
Los Angeles Lakers,Philadelphia 76ers,0.6537107116336199
Atlanta Hawks,New Orleans Pelicans,0.7030818231438607
New York Knicks,Portland Trail Blazers,0.7960767625993067
Dallas Mavericks,Washington Wizards,0.5921491050237047
Boston Celtics,Memphis Grizzlies,0.5754384618339088
Cleveland Cavaliers,Sacramento Kings,0.5260856639192227
Los Angeles Clippers,Golden State Warriors,0.7406300323824333
Houston Rockets,New Orleans Pelicans,0.7504922957450155
Indiana Pacers,Washington Wizards,0.8890000186656193
Miami Heat,Dallas Mavericks,0.8376381302241784
San Antonio Spurs,Milwaukee Bucks,0.8222244720208961
Oklahoma City Thunder,Brooklyn Nets,0.9253930578491572
Chicago Bulls,Orlando Magic,0.7067197878382501
Phoenix Suns,Philadelphia 76ers,0.5547907107090251
Toronto Raptors,Portland Trail Blazers,0.5747514250390703
Utah Jazz,Minnesota Timberwolves,0.8025380160553338
Denver Nuggets,Minnesota Timberwolves,0.8410919833150067
San Antonio Spurs,New York Knicks,0.7361241258948719
Boston Celtics,Indiana Pacers,0.5960334784062657
Cleveland Cavaliers,Charlotte Hornets,0.6189046317338218
Atlanta Hawks,Detroit Pistons,0.7001422409519089
Los Angeles Clippers,Los Angeles Lakers,0.5735136488380758
Memphis Grizzlies,Portland Trail Blazers,0.8366783382555207
Miami Heat,Chicago Bulls,0.587726530046818
Milwaukee Bucks,Houston Rockets,0.517146967342821
Oklahoma City Thunder,Philadelphia 76ers,0.7798420556197595
Phoenix Suns,Utah Jazz,0.5566482337704223
Toronto Raptors,Sacramento Kings,0.6377947163365472
Washington Wizards,Brooklyn Nets,0.6528853113370492
Atlanta Hawks,Boston Celtics,0.5637362435129419
Brooklyn Nets,Sacramento Kings,0.5597307989374714
Houston Rockets,Cleveland Cavaliers,0.7206865099825481
Dallas Mavericks,New Orleans Pelicans,0.7690823151181906
Denver Nuggets,Utah Jazz,0.6680377193260193
Indiana Pacers,Milwaukee Bucks,0.7416072007221969
Los Angeles Clippers,Golden State Warriors,0.879457377967191
Minnesota Timberwolves,Portland Trail Blazers,0.5707460737323904
New York Knicks,Orlando Magic,0.521525151616643
San Antonio Spurs,Philadelphia 76ers,0.8251442418876791
Detroit Pistons,Charlotte Hornets,0.9150946121868482
Los Angeles Lakers,Denver Nuggets,0.5655056241460168
Miami Heat,Washington Wizards,0.9284435284311826
Memphis Grizzlies,Phoenix Suns,0.5556020223333813
Oklahoma City Thunder,Toronto Raptors,0.8599586457864656
Chicago Bulls,Cleveland Cavaliers,0.9435280053331112
San Antonio Spurs,New Orleans Pelicans,0.8885008035715457
New York Knicks,Boston Celtics,0.5177581491007265
Orlando Magic,Portland Trail Blazers,0.5107040814426846
Memphis Grizzlies,Sacramento Kings,0.7593165966485267
Utah Jazz,Dallas Mavericks,0.6629108689045224
Oklahoma City Thunder,Washington Wizards,0.8713900351836534
Los Angeles Lakers,Houston Rockets,0.5538797358084055
Miami Heat,Indiana Pacers,0.588574653228273
Milwaukee Bucks,Phoenix Suns,0.5023610625648807
Atlanta Hawks,Minnesota Timberwolves,0.7087817494622062
Philadelphia 76ers,Brooklyn Nets,0.8732146757805691
Boston Celtics,Phoenix Suns,0.673688458496729
Utah Jazz,Charlotte Hornets,0.8835410306949838
Chicago Bulls,Milwaukee Bucks,0.8040074504955468
Atlanta Hawks,Cleveland Cavaliers,0.7915798093332775
Denver Nuggets,Orlando Magic,0.7072111386746553
Memphis Grizzlies,Golden State Warriors,0.7528091194478301
Los Angeles Clippers,Dallas Mavericks,0.7115533146050222
Houston Rockets,New Orleans Pelicans,0.616663814026062
Oklahoma City Thunder,Minnesota Timberwolves,0.9037254791837703
San Antonio Spurs,Los Angeles Lakers,0.7673653589372113
Philadelphia 76ers,Toronto Raptors,0.6278802465552733
Indiana Pacers,New York Knicks,0.6604883808980445
Miami Heat,Portland Trail Blazers,0.8176705428188648
Dallas Mavericks,Sacramento Kings,0.6122838423032848
Atlanta Hawks,Utah Jazz,0.6748831722115478
Boston Celtics,Houston Rockets,0.6865599981677741
Phoenix Suns,Brooklyn Nets,0.7050385507609025
Denver Nuggets,Cleveland Cavaliers,0.9038557807647837
Golden State Warriors,Portland Trail Blazers,0.5384551157814371
Oklahoma City Thunder,Los Angeles Lakers,0.6584562730322838
San Antonio Spurs,Memphis Grizzlies,0.680083130812672
Milwaukee Bucks,Detroit Pistons,0.7151850063048875
New Orleans Pelicans,Minnesota Timberwolves,0.6136146640604798
Chicago Bulls,New York Knicks,0.6224577944410445
Toronto Raptors,Charlotte Hornets,0.9131215143744844
Chicago Bulls,Phoenix Suns,0.7763154522669509
Memphis Grizzlies,Dallas Mavericks,0.5497689418310011
Utah Jazz,Detroit Pistons,0.6202192271468272
Indiana Pacers,Charlotte Hornets,0.9777988459229664
Los Angeles Clippers,Orlando Magic,0.6993873285074355
Philadelphia 76ers,Houston Rockets,0.6710812448457166
Miami Heat,Sacramento Kings,0.8779653196465416
Atlanta Hawks,Washington Wizards,0.7254115079003289
Indiana Pacers,Brooklyn Nets,0.7698311771618213
Denver Nuggets,Golden State Warriors,0.8833761339826688
Los Angeles Lakers,Cleveland Cavaliers,0.8988408625930081
New York Knicks,New Orleans Pelicans,0.8171341040085166
Oklahoma City Thunder,Portland Trail Blazers,0.821231509365192
San Antonio Spurs,Minnesota Timberwolves,0.9259563673877531
Milwaukee Bucks,Toronto Raptors,0.5935021841034194
Boston Celtics,Charlotte Hornets,0.9739906549992012
Chicago Bulls,Atlanta Hawks,0.7144075021579744
Dallas Mavericks,Minnesota Timberwolves,0.7717495841298971
Memphis Grizzlies,Los Angeles Clippers,0.6059566417886391
Oklahoma City Thunder,Phoenix Suns,0.74493267925109
Sacramento Kings,Cleveland Cavaliers,0.6991939552437251
Miami Heat,Utah Jazz,0.6984833721508175
Orlando Magic,Washington Wizards,0.6062114630438911
Brooklyn Nets,Toronto Raptors,0.5483363463899882
Indiana Pacers,Charlotte Hornets,0.9162467671598429
Denver Nuggets,Portland Trail Blazers,0.819977824368486
Los Angeles Clippers,Houston Rockets,0.5590307021958608
Los Angeles Lakers,Milwaukee Bucks,0.6856934324695051
Philadelphia 76ers,New Orleans Pelicans,0.8369821416106591
Atlanta Hawks,Brooklyn Nets,0.8782616301907884
Boston Celtics,New Orleans Pelicans,0.846440162975424
Dallas Mavericks,Houston Rockets,0.5696131907128267
Miami Heat,Golden State Warriors,0.8741340480113469
Oklahoma City Thunder,Denver Nuggets,0.7094868317210256
Indiana Pacers,Orlando Magic,0.5499445120008255
Portland Trail Blazers,Cleveland Cavaliers,0.7885354637493126
Sacramento Kings,Washington Wizards,0.6142805810722782
San Antonio Spurs,Memphis Grizzlies,0.7517968563406833
Chicago Bulls,Toronto Raptors,0.8264511476766764
New York Knicks,Detroit Pistons,0.6774764042500301
Miami Heat,Los Angeles Lakers,0.6530228532277305
Los Angeles Clippers,Minnesota Timberwolves,0.7147312351631808
Phoenix Suns,Milwaukee Bucks,0.5901820132263315
Chicago Bulls,Boston Celtics,0.5720192449206885
Atlanta Hawks,Brooklyn Nets,0.7683187898064484
Oklahoma City Thunder,Dallas Mavericks,0.7404236732754919
Denver Nuggets,Washington Wizards,0.8656112934059572
Indiana Pacers,Houston Rockets,0.7203703776275608
Memphis Grizzlies,Sacramento Kings,0.8696944229067868
Orlando Magic,Charlotte Hornets,0.9540663159956172
Philadelphia 76ers,Toronto Raptors,0.8480345119425373
San Antonio Spurs,Golden State Warriors,0.9470795980232828
San Antonio Spurs,Atlanta Hawks,0.6986006090800081
Sacramento Kings,Charlotte Hornets,0.720105135452993
Chicago Bulls,Memphis Grizzlies,0.6949750324959175
Los Angeles Clippers,Washington Wizards,0.8611894083595202
Houston Rockets,Minnesota Timberwolves,0.6231334645658853
New Orleans Pelicans,Golden State Warriors,0.6944387338207308
Milwaukee Bucks,Portland Trail Blazers,0.5220430116737693
Utah Jazz,Cleveland Cavaliers,0.8783266007456118
Oklahoma City Thunder,Denver Nuggets,0.6456592903032611
Boston Celtics,Detroit Pistons,0.7240207484274199
Orlando Magic,Dallas Mavericks,0.6002910514822276
Los Angeles Lakers,Toronto Raptors,0.707078425088095
Atlanta Hawks,Minnesota Timberwolves,0.8451958002978329
Houston Rockets,Charlotte Hornets,0.8805122648009441
Chicago Bulls,Los Angeles Lakers,0.7127458523276685
Los Angeles Clippers,Golden State Warriors,0.7406300323824333
Memphis Grizzlies,Indiana Pacers,0.610836994778771
New Orleans Pelicans,Sacramento Kings,0.6403527076041063
New York Knicks,Brooklyn Nets,0.8570245105025551
San Antonio Spurs,Philadelphia 76ers,0.7082762905131765
Portland Trail Blazers,Washington Wizards,0.7186953215412507
Boston Celtics,Cleveland Cavaliers,0.8101513014170445
Orlando Magic,Detroit Pistons,0.5763785990727175
Oklahoma City Thunder,Los Angeles Clippers,0.6541900341899072
Milwaukee Bucks,Philadelphia 76ers,0.5079949817466004
Atlanta Hawks,Charlotte Hornets,0.9155909569689858
Chicago Bulls,Detroit Pistons,0.8961889890378517
Oklahoma City Thunder,Golden State Warriors,0.8767584701072397
Denver Nuggets,Houston Rockets,0.5572748046364802
Memphis Grizzlies,Los Angeles Lakers,0.6109286935343713
Miami Heat,Toronto Raptors,0.9194533940551782
Minnesota Timberwolves,Brooklyn Nets,0.6712263922806805
Indiana Pacers,Portland Trail Blazers,0.6436838615029751
Phoenix Suns,Sacramento Kings,0.674387435019133
San Antonio Spurs,New Orleans Pelicans,0.9249157949214593
Utah Jazz,Washington Wizards,0.8318166374380765
Boston Celtics,New York Knicks,0.6232245445951473
Orlando Magic,Toronto Raptors,0.7686782317269835
Los Angeles Clippers,Phoenix Suns,0.5396482347033159
Atlanta Hawks,Boston Celtics,0.5637362435129419
Chicago Bulls,Golden State Warriors,0.930852432673
Milwaukee Bucks,Cleveland Cavaliers,0.6984294522205337
San Antonio Spurs,Dallas Mavericks,0.7891539842974977
Los Angeles Lakers,Utah Jazz,0.6554118612681717
Memphis Grizzlies,Brooklyn Nets,0.8872105355451079
Miami Heat,Detroit Pistons,0.9072778693833855
Houston Rockets,New Orleans Pelicans,0.616663814026062
Oklahoma City Thunder,Sacramento Kings,0.8805207751639832
Washington Wizards,Minnesota Timberwolves,0.5873650382046154
Minnesota Timberwolves,Charlotte Hornets,0.7425656406521425
Denver Nuggets,Sacramento Kings,0.8557880724288329
Houston Rockets,Brooklyn Nets,0.8013865193777432
Milwaukee Bucks,Golden State Warriors,0.7965678934933675
Philadelphia 76ers,New York Knicks,0.606411118645934
Los Angeles Clippers,Portland Trail Blazers,0.6483681002720003
San Antonio Spurs,Phoenix Suns,0.821868517206219
Toronto Raptors,Cleveland Cavaliers,0.7361177230915333
Utah Jazz,Indiana Pacers,0.517285282008062
Chicago Bulls,Washington Wizards,0.840109162989701
Miami Heat,Boston Celtics,0.6272155918835757
Dallas Mavericks,Phoenix Suns,0.5550515848908818
Los Angeles Clippers,Portland Trail Blazers,0.814376416608014
Oklahoma City Thunder,Los Angeles Lakers,0.6584562730322838
Memphis Grizzlies,New Orleans Pelicans,0.854310394614361
New York Knicks,Atlanta Hawks,0.5467583633935968
Orlando Magic,Detroit Pistons,0.7401524340407241
Orlando Magic,Brooklyn Nets,0.6589889119946459
Chicago Bulls,Charlotte Hornets,0.9843629682523751
Denver Nuggets,Indiana Pacers,0.5825647874809495
Philadelphia 76ers,Memphis Grizzlies,0.5580049392881657
Toronto Raptors,Golden State Warriors,0.692080449154272
Utah Jazz,Houston Rockets,0.6140312749558016
Washington Wizards,Sacramento Kings,0.6147791971123648
Cleveland Cavaliers,Golden State Warriors,0.5862527659283031
Milwaukee Bucks,Detroit Pistons,0.5874250964158529
Los Angeles Lakers,New Orleans Pelicans,0.8313024281220465
Portland Trail Blazers,Dallas Mavericks,0.5039337020557809
Atlanta Hawks,Toronto Raptors,0.8539161280129967
Boston Celtics,Sacramento Kings,0.8625215089102144
Miami Heat,Brooklyn Nets,0.8925074279717368
Denver Nuggets,Houston Rockets,0.6744610647542553
Indiana Pacers,Detroit Pistons,0.8579523748565218
Chicago Bulls,Milwaukee Bucks,0.7321513726128426
Los Angeles Clippers,Minnesota Timberwolves,0.7147312351631808
New York Knicks,Orlando Magic,0.6742854707599206
Philadelphia 76ers,Washington Wizards,0.8638153229119276
Los Angeles Lakers,Phoenix Suns,0.5344594049319997
San Antonio Spurs,Charlotte Hornets,0.9881918757247838
Utah Jazz,New Orleans Pelicans,0.8001373571376834
Dallas Mavericks,Golden State Warriors,0.6038748781166977
Oklahoma City Thunder,Memphis Grizzlies,0.6945266481060567
Boston Celtics,Orlando Magic,0.718600722414719
Chicago Bulls,Brooklyn Nets,0.8683465076760337
Denver Nuggets,New Orleans Pelicans,0.8390660535961592
Detroit Pistons,Cleveland Cavaliers,0.7409704008960554
Miami Heat,Indiana Pacers,0.588574653228273
Memphis Grizzlies,Washington Wizards,0.878704650201975
Los Angeles Lakers,Minnesota Timberwolves,0.7104570147430707
New York Knicks,Milwaukee Bucks,0.6642353095443636
Philadelphia 76ers,Sacramento Kings,0.8538829843443329
Phoenix Suns,Dallas Mavericks,0.6150718103371063
Los Angeles Clippers,Toronto Raptors,0.7113822589249816
Utah Jazz,Portland Trail Blazers,0.7776553710335433
Chicago Bulls,Atlanta Hawks,0.5780360771635298
Oklahoma City Thunder,Cleveland Cavaliers,0.9068963176567526
Phoenix Suns,Golden State Warriors,0.666591954992335
Houston Rockets,Charlotte Hornets,0.953346754717232
Milwaukee Bucks,Orlando Magic,0.5552880997782863
Minnesota Timberwolves,New Orleans Pelicans,0.6034817966075164
New York Knicks,Sacramento Kings,0.8356887246194605
Utah Jazz,Portland Trail Blazers,0.5561069810942787
San Antonio Spurs,Washington Wizards,0.9383411389187661
Boston Celtics,Los Angeles Clippers,0.5910917552357079
Los Angeles Lakers,Detroit Pistons,0.701846299445209
Miami Heat,Toronto Raptors,0.857034807622022
Chicago Bulls,Indiana Pacers,0.5319266331164035
Miami Heat,Charlotte Hornets,0.9861785417124845
Minnesota Timberwolves,Portland Trail Blazers,0.5707460737323904
New York Knicks,Detroit Pistons,0.8063199826096328
Oklahoma City Thunder,Dallas Mavericks,0.8195618720708173
Philadelphia 76ers,Orlando Magic,0.7040221250252782
Utah Jazz,Sacramento Kings,0.8200367468753684
Los Angeles Clippers,Washington Wizards,0.7311501212326303
Los Angeles Lakers,Brooklyn Nets,0.7697628155440589
Denver Nuggets,Milwaukee Bucks,0.697721480203383
Houston Rockets,Golden State Warriors,0.8137769733649141
Indiana Pacers,Atlanta Hawks,0.6363818499771132
Memphis Grizzlies,Phoenix Suns,0.687139993404682
Atlanta Hawks,Memphis Grizzlies,0.5694121813248224
Cleveland Cavaliers,Charlotte Hornets,0.8688684461603507
Dallas Mavericks,Portland Trail Blazers,0.7442237202851978
Detroit Pistons,Brooklyn Nets,0.680318624668249
Miami Heat,Houston Rockets,0.8067072450100866
San Antonio Spurs,Minnesota Timberwolves,0.8911921090785418
Phoenix Suns,New Orleans Pelicans,0.6305511750394346
Oklahoma City Thunder,Golden State Warriors,0.9307162191049015
Los Angeles Clippers,Orlando Magic,0.5550091463218815
Philadelphia 76ers,Indiana Pacers,0.5788266683934852
Boston Celtics,Toronto Raptors,0.7290139910657363
Utah Jazz,Milwaukee Bucks,0.6393003589341698
New York Knicks,Washington Wizards,0.703847802888099
Boston Celtics,Los Angeles Lakers,0.59612635901879
Chicago Bulls,Denver Nuggets,0.5855861468812797
Atlanta Hawks,New Orleans Pelicans,0.8432124375163534
Los Angeles Lakers,Charlotte Hornets,0.916217159171049
Orlando Magic,Cleveland Cavaliers,0.6887804221990391
San Antonio Spurs,Detroit Pistons,0.8871021572256099
Houston Rockets,Portland Trail Blazers,0.7243497342340557
Indiana Pacers,Toronto Raptors,0.8757176794097326
Memphis Grizzlies,Golden State Warriors,0.8949487327259465
Miami Heat,Los Angeles Clippers,0.7336361055763916
New York Knicks,Minnesota Timberwolves,0.6864765264029951
Oklahoma City Thunder,Phoenix Suns,0.7759480897571751
Chicago Bulls,Utah Jazz,0.6479158333356154
Washington Wizards,Brooklyn Nets,0.6528853113370492
Denver Nuggets,Cleveland Cavaliers,0.7951666108590097
Dallas Mavericks,Golden State Warriors,0.828727910086117
Milwaukee Bucks,Detroit Pistons,0.7151850063048875
Philadelphia 76ers,Charlotte Hornets,0.9721300241025586
Utah Jazz,Sacramento Kings,0.6677518927505242
Boston Celtics,Denver Nuggets,0.5928115308501996
San Antonio Spurs,Brooklyn Nets,0.9177637572990599
Memphis Grizzlies,Minnesota Timberwolves,0.8561773137344661
Miami Heat,Los Angeles Lakers,0.7376944882911972
New York Knicks,Los Angeles Clippers,0.5395624783463858
Orlando Magic,Portland Trail Blazers,0.7275920381124046
Oklahoma City Thunder,Phoenix Suns,0.74493267925109
Houston Rockets,Sacramento Kings,0.6612626523311091
Toronto Raptors,New Orleans Pelicans,0.6073918108813725
Boston Celtics,Charlotte Hornets,0.9241708548632924
San Antonio Spurs,Chicago Bulls,0.5736145546948133
Minnesota Timberwolves,Cleveland Cavaliers,0.5024814412453145
Atlanta Hawks,Dallas Mavericks,0.5265579537414726
Detroit Pistons,New Orleans Pelicans,0.6133683684074028
Indiana Pacers,Brooklyn Nets,0.896868672554364
Milwaukee Bucks,Washington Wizards,0.7690371596390676
Philadelphia 76ers,Los Angeles Clippers,0.5738249592271306
Houston Rockets,Golden State Warriors,0.653314484853367
Los Angeles Lakers,Phoenix Suns,0.648591121806351
Memphis Grizzlies,Sacramento Kings,0.8696944229067868
Miami Heat,Portland Trail Blazers,0.9017232614001472
Denver Nuggets,Toronto Raptors,0.7099182195427107
Oklahoma City Thunder,Utah Jazz,0.703528104963397
Chicago Bulls,Boston Celtics,0.5720192449206885
Denver Nuggets,Brooklyn Nets,0.7721906957491543
San Antonio Spurs,Cleveland Cavaliers,0.927437423566438
Dallas Mavericks,Sacramento Kings,0.7912670947108392
Detroit Pistons,Washington Wizards,0.6621516396216127
Indiana Pacers,Charlotte Hornets,0.9777988459229664
Los Angeles Clippers,Houston Rockets,0.6661752084113942
Milwaukee Bucks,Philadelphia 76ers,0.5079949817466004
Utah Jazz,Minnesota Timberwolves,0.6299443791622441
New Orleans Pelicans,Portland Trail Blazers,0.5774596800721399
New York Knicks,Toronto Raptors,0.8292576289998811
Atlanta Hawks,Orlando Magic,0.5478359243611429
Los Angeles Lakers,Los Angeles Clippers,0.563755389486414
Miami Heat,Oklahoma City Thunder,0.5007493535326
Milwaukee Bucks,Brooklyn Nets,0.6691178833073254
Denver Nuggets,Boston Celtics,0.55608986371533
Memphis Grizzlies,Detroit Pistons,0.7193784422177525
Chicago Bulls,New Orleans Pelicans,0.8248547518929839
Orlando Magic,Charlotte Hornets,0.9540663159956172
Phoenix Suns,Portland Trail Blazers,0.5635147605777706
San Antonio Spurs,Sacramento Kings,0.9062796550699019
Utah Jazz,Golden State Warriors,0.8532916489346907
Washington Wizards,Toronto Raptors,0.6038009836046675
Miami Heat,Atlanta Hawks,0.6329543623441416
Detroit Pistons,Charlotte Hornets,0.758633720426179
New Orleans Pelicans,Cleveland Cavaliers,0.5062511563910497
Dallas Mavericks,Orlando Magic,0.6067613332231423
Phoenix Suns,Golden State Warriors,0.666591954992335
Oklahoma City Thunder,Houston Rockets,0.7595234967498682
Indiana Pacers,New York Knicks,0.6604883808980445
Los Angeles Lakers,Boston Celtics,0.5421245090380129
Milwaukee Bucks,Brooklyn Nets,0.7833372765532838
Philadelphia 76ers,Minnesota Timberwolves,0.6316965023574526
Memphis Grizzlies,Toronto Raptors,0.7244237081287195
Miami Heat,Chicago Bulls,0.500220778621878
San Antonio Spurs,Los Angeles Clippers,0.712830310862148
Atlanta Hawks,Sacramento Kings,0.8595757253056937
Houston Rockets,Brooklyn Nets,0.6925860671118376
Chicago Bulls,Charlotte Hornets,0.9557004576958952
San Antonio Spurs,Golden State Warriors,0.9032393415998486
Indiana Pacers,Detroit Pistons,0.8579523748565218
Los Angeles Lakers,Portland Trail Blazers,0.8115002321899513
Memphis Grizzlies,Orlando Magic,0.7309402645700328
Dallas Mavericks,New Orleans Pelicans,0.5654738643657685
Oklahoma City Thunder,Minnesota Timberwolves,0.9037254791837703
Boston Celtics,Phoenix Suns,0.561301433189081
New York Knicks,Toronto Raptors,0.6829429919574345
Denver Nuggets,Washington Wizards,0.729748262251608
Denver Nuggets,Charlotte Hornets,0.9172666482143911
Indiana Pacers,Detroit Pistons,0.7019270180290269
Los Angeles Clippers,Utah Jazz,0.6596708682390339
Atlanta Hawks,Milwaukee Bucks,0.5788343873066867
Orlando Magic,Cleveland Cavaliers,0.8464549421698117
Miami Heat,Philadelphia 76ers,0.6436625204508117
Houston Rockets,Washington Wizards,0.6421850298745576
Memphis Grizzlies,Brooklyn Nets,0.7845273906106117
Los Angeles Lakers,Dallas Mavericks,0.5285842747939732
Miami Heat,Cleveland Cavaliers,0.9498432331237939
Minnesota Timberwolves,Golden State Warriors,0.6885814214611993
New Orleans Pelicans,Sacramento Kings,0.6403527076041063
New York Knicks,Philadelphia 76ers,0.631243344356985
Oklahoma City Thunder,Chicago Bulls,0.5565564883069692
San Antonio Spurs,Phoenix Suns,0.7930531022099009
Boston Celtics,Portland Trail Blazers,0.6680530967496034
Denver Nuggets,Los Angeles Lakers,0.5826585965032836
Atlanta Hawks,Detroit Pistons,0.7001422409519089
Toronto Raptors,Washington Wizards,0.6565068744020417
Boston Celtics,Utah Jazz,0.5097074294001326
Chicago Bulls,Cleveland Cavaliers,0.9435280053331112
Dallas Mavericks,Milwaukee Bucks,0.5958763859766282
Indiana Pacers,Golden State Warriors,0.9040159360624185
Los Angeles Clippers,Charlotte Hornets,0.9715237853482437
Miami Heat,Sacramento Kings,0.9228034771830147
New Orleans Pelicans,Brooklyn Nets,0.677257130311099
Philadelphia 76ers,Orlando Magic,0.7040221250252782
Phoenix Suns,Minnesota Timberwolves,0.7675667233450485
Cleveland Cavaliers,Toronto Raptors,0.5145756149125115
Houston Rockets,Milwaukee Bucks,0.5711183192899363
Memphis Grizzlies,Dallas Mavericks,0.7422998018753135
New York Knicks,Golden State Warriors,0.8665221208069368
Oklahoma City Thunder,New Orleans Pelicans,0.9024054137026385
Orlando Magic,Sacramento Kings,0.7767768681804295
Denver Nuggets,Portland Trail Blazers,0.6467431446125397
San Antonio Spurs,Phoenix Suns,0.821868517206219
Utah Jazz,Atlanta Hawks,0.5194113576489999
Washington Wizards,Detroit Pistons,0.5664118140872872
Chicago Bulls,Philadelphia 76ers,0.7802048419833995
Indiana Pacers,Los Angeles Clippers,0.6296450443121215
Los Angeles Lakers,Minnesota Timberwolves,0.8334066863433554
Boston Celtics,Golden State Warriors,0.8889885421684407
Dallas Mavericks,Brooklyn Nets,0.6457097745933357
Los Angeles Clippers,Cleveland Cavaliers,0.7963238410242796
Oklahoma City Thunder,Denver Nuggets,0.6456592903032611
Miami Heat,Memphis Grizzlies,0.7208626369947767
New Orleans Pelicans,Detroit Pistons,0.593070910735928
Orlando Magic,Houston Rockets,0.5485154575093804
Atlanta Hawks,Phoenix Suns,0.5324359991683807
San Antonio Spurs,Sacramento Kings,0.9334252737265185
Indiana Pacers,Toronto Raptors,0.707158318208762
Utah Jazz,Charlotte Hornets,0.9645367051592609
New York Knicks,Washington Wizards,0.703847802888099
Chicago Bulls,Brooklyn Nets,0.9255388995996939
Milwaukee Bucks,Toronto Raptors,0.7455092841315413
Philadelphia 76ers,Golden State Warriors,0.8817851502673686
Portland Trail Blazers,Minnesota Timberwolves,0.6773620487979879
Houston Rockets,Dallas Mavericks,0.596374099399929
Chicago Bulls,Indiana Pacers,0.5319266331164035
Oklahoma City Thunder,Los Angeles Clippers,0.6541900341899072
Los Angeles Lakers,Atlanta Hawks,0.5708738868223084
Miami Heat,New York Knicks,0.6748467733335184
Memphis Grizzlies,Orlando Magic,0.5708539278020646
Sacramento Kings,Charlotte Hornets,0.8975169013993854
San Antonio Spurs,Detroit Pistons,0.9198503584996409
Philadelphia 76ers,Washington Wizards,0.650557937499556
New York Knicks,Cleveland Cavaliers,0.773590551910955
Denver Nuggets,Atlanta Hawks,0.584634214131673
Golden State Warriors,Toronto Raptors,0.5920745007407344
Milwaukee Bucks,Utah Jazz,0.5098752622188051
Miami Heat,Minnesota Timberwolves,0.859028619720639
Orlando Magic,New Orleans Pelicans,0.5798033029359526
Portland Trail Blazers,Charlotte Hornets,0.9335529095523756
Oklahoma City Thunder,Los Angeles Lakers,0.7123127772178733
Philadelphia 76ers,Boston Celtics,0.5522968609756818
Denver Nuggets,Sacramento Kings,0.7460037978061524
Atlanta Hawks,Philadelphia 76ers,0.6732302224909557
Brooklyn Nets,Charlotte Hornets,0.6858273887912821
Utah Jazz,Cleveland Cavaliers,0.7265081866065337
Dallas Mavericks,Houston Rockets,0.5696131907128267
New York Knicks,Detroit Pistons,0.6774764042500301
Golden State Warriors,Sacramento Kings,0.603164089653978
Indiana Pacers,Boston Celtics,0.6090154103196064
Los Angeles Clippers,Milwaukee Bucks,0.6897553326222744
Memphis Grizzlies,Portland Trail Blazers,0.8366783382555207
Miami Heat,Orlando Magic,0.8295159469096512
Minnesota Timberwolves,Washington Wizards,0.6528064011583028
Los Angeles Lakers,New Orleans Pelicans,0.7047762203250462
Phoenix Suns,Toronto Raptors,0.7795192578173752
San Antonio Spurs,Chicago Bulls,0.6257551443817376
Denver Nuggets,Los Angeles Clippers,0.577575073411395
Oklahoma City Thunder,New York Knicks,0.6801058564322475
Boston Celtics,Atlanta Hawks,0.5980822001712982
Brooklyn Nets,Washington Wizards,0.5798189769832516
Oklahoma City Thunder,Charlotte Hornets,0.9653011991296357
Chicago Bulls,Utah Jazz,0.7814922967632673
Memphis Grizzlies,Cleveland Cavaliers,0.8065707490971457
Dallas Mavericks,Detroit Pistons,0.5620205932620037
Houston Rockets,Golden State Warriors,0.653314484853367
Los Angeles Lakers,Toronto Raptors,0.8426674895877738
Miami Heat,Philadelphia 76ers,0.8009309205647436
Indiana Pacers,Orlando Magic,0.5499445120008255
Phoenix Suns,Sacramento Kings,0.674387435019133
San Antonio Spurs,Portland Trail Blazers,0.914978337689373
Atlanta Hawks,Brooklyn Nets,0.8782616301907884
Denver Nuggets,Minnesota Timberwolves,0.8410919833150067
Milwaukee Bucks,Golden State Warriors,0.6284565937800157
Memphis Grizzlies,New Orleans Pelicans,0.854310394614361
New York Knicks,Utah Jazz,0.6329929004384701
Phoenix Suns,Houston Rockets,0.5638196395484414
Washington Wizards,Charlotte Hornets,0.9049949824516449
Los Angeles Clippers,Detroit Pistons,0.8239037639792735
Chicago Bulls,Los Angeles Lakers,0.5992059225895906
Miami Heat,Indiana Pacers,0.7376198350084301
Dallas Mavericks,Minnesota Timberwolves,0.5722081239470636
New Orleans Pelicans,Portland Trail Blazers,0.5774596800721399
Oklahoma City Thunder,Boston Celtics,0.6896009125819846
Orlando Magic,Philadelphia 76ers,0.5394285160674652
Milwaukee Bucks,Sacramento Kings,0.6366577083315313
Toronto Raptors,Cleveland Cavaliers,0.7361177230915333
New York Knicks,Golden State Warriors,0.7139137303619112
Philadelphia 76ers,Brooklyn Nets,0.8732146757805691
Denver Nuggets,Phoenix Suns,0.5378789579084844
San Antonio Spurs,Oklahoma City Thunder,0.5645831977057332
Utah Jazz,Detroit Pistons,0.7885781652479631
Brooklyn Nets,New Orleans Pelicans,0.5276283751072168
Boston Celtics,Charlotte Hornets,0.9241708548632924
Cleveland Cavaliers,Washington Wizards,0.546465096734957
Miami Heat,Atlanta Hawks,0.7392646143731947
Milwaukee Bucks,Dallas Mavericks,0.5696978318010374
San Antonio Spurs,Minnesota Timberwolves,0.8911921090785418
Los Angeles Lakers,Orlando Magic,0.5498490306768062
Memphis Grizzlies,Portland Trail Blazers,0.662907667681278
Atlanta Hawks,Los Angeles Lakers,0.5901845960708877
Boston Celtics,Toronto Raptors,0.8569608804441219
Denver Nuggets,New York Knicks,0.6100693406636235
Golden State Warriors,Detroit Pistons,0.5543953947049463
Houston Rockets,Phoenix Suns,0.5297661582781722
Indiana Pacers,Minnesota Timberwolves,0.8680977458132848
Los Angeles Clippers,Memphis Grizzlies,0.5525368907579981
Oklahoma City Thunder,Utah Jazz,0.7811310392992732
Miami Heat,Philadelphia 76ers,0.6436625204508117
Chicago Bulls,Sacramento Kings,0.8510811758929869
Milwaukee Bucks,Washington Wizards,0.616996963461687
New York Knicks,Portland Trail Blazers,0.6170620672676842
San Antonio Spurs,Dallas Mavericks,0.8581772450445575
Atlanta Hawks,Phoenix Suns,0.6682527627579148
Dallas Mavericks,Cleveland Cavaliers,0.8572533041655148
Denver Nuggets,Memphis Grizzlies,0.56178795265545
Chicago Bulls,Golden State Warriors,0.8465533930151885
Houston Rockets,Minnesota Timberwolves,0.7533054158236344
Indiana Pacers,Los Angeles Lakers,0.6344984864428969
Miami Heat,Milwaukee Bucks,0.7748252847933086
Oklahoma City Thunder,Orlando Magic,0.8107397355295775
Toronto Raptors,Charlotte Hornets,0.9131215143744844
Washington Wizards,New Orleans Pelicans,0.5837053665248679
Boston Celtics,Charlotte Hornets,0.9739906549992012
Philadelphia 76ers,Indiana Pacers,0.5788266683934852
Portland Trail Blazers,Detroit Pistons,0.6583203681912458
San Antonio Spurs,Cleveland Cavaliers,0.956918210201445
Memphis Grizzlies,Utah Jazz,0.5039301208587972
Phoenix Suns,Washington Wizards,0.6556640856600975
Atlanta Hawks,Brooklyn Nets,0.7683187898064484
Oklahoma City Thunder,Dallas Mavericks,0.7404236732754919
Houston Rockets,Golden State Warriors,0.8137769733649141
Los Angeles Clippers,New York Knicks,0.6011138352217448
Los Angeles Lakers,Sacramento Kings,0.848685659604144
Milwaukee Bucks,Orlando Magic,0.5552880997782863
Minnesota Timberwolves,New Orleans Pelicans,0.6034817966075164
Miami Heat,Toronto Raptors,0.857034807622022
Atlanta Hawks,Dallas Mavericks,0.7254118543217999
Miami Heat,Boston Celtics,0.6272155918835757
Washington Wizards,Charlotte Hornets,0.7032917426608396
Chicago Bulls,Denver Nuggets,0.7099224285117784
Indiana Pacers,Cleveland Cavaliers,0.7929812652613172
Detroit Pistons,Brooklyn Nets,0.680318624668249
Memphis Grizzlies,Minnesota Timberwolves,0.8561773137344661
New Orleans Pelicans,Golden State Warriors,0.6944387338207308
Philadelphia 76ers,Portland Trail Blazers,0.8177004430242216
Los Angeles Lakers,Phoenix Suns,0.5344594049319997
Utah Jazz,New York Knicks,0.5457371214909124
Indiana Pacers,Orlando Magic,0.7502123582366107
Milwaukee Bucks,Portland Trail Blazers,0.7019038102804679
Oklahoma City Thunder,Denver Nuggets,0.7094868317210256
Los Angeles Clippers,Sacramento Kings,0.747350528771297
Atlanta Hawks,Milwaukee Bucks,0.7042258329446989
Toronto Raptors,Charlotte Hornets,0.7293054678075934
Miami Heat,Cleveland Cavaliers,0.9048440256699413
Dallas Mavericks,Brooklyn Nets,0.817108656914998
Houston Rockets,Utah Jazz,0.5372477310672312
Los Angeles Clippers,Philadelphia 76ers,0.6579797722517575
Oklahoma City Thunder,Memphis Grizzlies,0.61833620944166
Boston Celtics,New Orleans Pelicans,0.7268175799275045
New York Knicks,Orlando Magic,0.6742854707599206
Phoenix Suns,Washington Wizards,0.8007432658841495
San Antonio Spurs,Golden State Warriors,0.9470795980232828
Chicago Bulls,Portland Trail Blazers,0.8900505937329052
Denver Nuggets,Philadelphia 76ers,0.6663671714609711
Sacramento Kings,Minnesota Timberwolves,0.5668516942966505
Atlanta Hawks,Portland Trail Blazers,0.8245131496302188
Boston Celtics,Dallas Mavericks,0.5554833098336895
Houston Rockets,Cleveland Cavaliers,0.8443246903474241
Indiana Pacers,Milwaukee Bucks,0.7416072007221969
Los Angeles Lakers,Washington Wizards,0.8589129135419268
Miami Heat,Detroit Pistons,0.9072778693833855
Memphis Grizzlies,New Orleans Pelicans,0.7222042689477193
Oklahoma City Thunder,Orlando Magic,0.7565340779763515
Phoenix Suns,Minnesota Timberwolves,0.7675667233450485
San Antonio Spurs,Utah Jazz,0.8262270924632104
New York Knicks,Toronto Raptors,0.6829429919574345
Detroit Pistons,Charlotte Hornets,0.758633720426179
Chicago Bulls,Indiana Pacers,0.712666864206862
Denver Nuggets,Sacramento Kings,0.8557880724288329
Golden State Warriors,Washington Wizards,0.6226067000378291
Los Angeles Clippers,Brooklyn Nets,0.8707428800243371
Memphis Grizzlies,Boston Celtics,0.5848774493268304
New York Knicks,Toronto Raptors,0.8292576289998811
Dallas Mavericks,Utah Jazz,0.5624631196524358
San Antonio Spurs,Houston Rockets,0.805609559470569
Miami Heat,Charlotte Hornets,0.9861785417124845
Atlanta Hawks,Milwaukee Bucks,0.5788343873066867
Chicago Bulls,Minnesota Timberwolves,0.8287862750629993
Oklahoma City Thunder,Portland Trail Blazers,0.8898435163296988
Phoenix Suns,Brooklyn Nets,0.813556219679407
Philadelphia 76ers,Sacramento Kings,0.6694189467864528
Los Angeles Lakers,Golden State Warriors,0.7366008512583436
Indiana Pacers,Atlanta Hawks,0.6363818499771132
Denver Nuggets,New Orleans Pelicans,0.7076291052071659
Miami Heat,Orlando Magic,0.7520734397587323
Utah Jazz,Philadelphia 76ers,0.605314137880138
Memphis Grizzlies,Washington Wizards,0.7436202584872167
Boston Celtics,New York Knicks,0.6232245445951473
Los Angeles Clippers,Dallas Mavericks,0.5337814655839198
Detroit Pistons,Minnesota Timberwolves,0.6169384028619442
Orlando Magic,Charlotte Hornets,0.8634027533472771
Miami Heat,Chicago Bulls,0.500220778621878
Boston Celtics,Cleveland Cavaliers,0.8101513014170445
Golden State Warriors,Sacramento Kings,0.603164089653978
Indiana Pacers,Houston Rockets,0.5539750556980836
Los Angeles Lakers,Minnesota Timberwolves,0.7104570147430707
Los Angeles Clippers,New Orleans Pelicans,0.7090999636467297
New York Knicks,Memphis Grizzlies,0.5235266831370252
Oklahoma City Thunder,Washington Wizards,0.9195054131265848
Philadelphia 76ers,Milwaukee Bucks,0.6944737596980705
Portland Trail Blazers,Brooklyn Nets,0.7350384692854172
San Antonio Spurs,Denver Nuggets,0.764901709643358
Atlanta Hawks,Toronto Raptors,0.7053917177645438
Utah Jazz,Phoenix Suns,0.5999169465986687
Indiana Pacers,Dallas Mavericks,0.5286804003015444
Los Angeles Lakers,Milwaukee Bucks,0.5808150840348525
Phoenix Suns,Sacramento Kings,0.7873433497022385
Boston Celtics,Atlanta Hawks,0.5980822001712982
Philadelphia 76ers,Cleveland Cavaliers,0.7280005176750455
Denver Nuggets,Brooklyn Nets,0.874904640911378
Detroit Pistons,Toronto Raptors,0.6329325428391871
Memphis Grizzlies,Houston Rockets,0.6997174351449735
Oklahoma City Thunder,Minnesota Timberwolves,0.8619182513315112
Miami Heat,New Orleans Pelicans,0.8556706069089391
New York Knicks,Charlotte Hornets,0.9681097999947165
Orlando Magic,Washington Wizards,0.7906655761408333
Utah Jazz,Portland Trail Blazers,0.5561069810942787
San Antonio Spurs,Los Angeles Clippers,0.7636189432360089
Atlanta Hawks,Orlando Magic,0.7135951149691273
Chicago Bulls,Dallas Mavericks,0.6886696031887273
Golden State Warriors,Portland Trail Blazers,0.5384551157814371
Los Angeles Clippers,Houston Rockets,0.5590307021958608
Oklahoma City Thunder,Milwaukee Bucks,0.7789968667801808
Memphis Grizzlies,Minnesota Timberwolves,0.7276792864331526
Philadelphia 76ers,Charlotte Hornets,0.9721300241025586
Indiana Pacers,Phoenix Suns,0.5345553873394209
Los Angeles Lakers,Sacramento Kings,0.7433895752467311
Utah Jazz,Brooklyn Nets,0.8430231691533644
Chicago Bulls,Detroit Pistons,0.8961889890378517
New Orleans Pelicans,Cleveland Cavaliers,0.7382662870466467
New York Knicks,Boston Celtics,0.5177581491007265
San Antonio Spurs,Miami Heat,0.5704906354620572
Washington Wizards,Toronto Raptors,0.6038009836046675
Atlanta Hawks,Cleveland Cavaliers,0.9065188647928054
Houston Rockets,Orlando Magic,0.5822025564053339
Los Angeles Clippers,Indiana Pacers,0.5734192891835773
San Antonio Spurs,Memphis Grizzlies,0.680083130812672
Milwaukee Bucks,Charlotte Hornets,0.9482147148465864
Boston Celtics,Minnesota Timberwolves,0.7322353851872136
Toronto Raptors,Detroit Pistons,0.590391740222629
Utah Jazz,Portland Trail Blazers,0.7776553710335433
Los Angeles Lakers,Dallas Mavericks,0.7076558464072151
Miami Heat,New York Knicks,0.7591320251235496
Chicago Bulls,Washington Wizards,0.840109162989701
Atlanta Hawks,New York Knicks,0.6174255971169652
Boston Celtics,Detroit Pistons,0.8370134307908399
Philadelphia 76ers,Charlotte Hornets,0.8843129432155666
Cleveland Cavaliers,Brooklyn Nets,0.566782870208927
Golden State Warriors,New Orleans Pelicans,0.5718059006515872
Los Angeles Clippers,Phoenix Suns,0.6528897840583402
Milwaukee Bucks,Minnesota Timberwolves,0.7323460831912344
Memphis Grizzlies,Portland Trail Blazers,0.662907667681278
Houston Rockets,Sacramento Kings,0.6612626523311091
San Antonio Spurs,Orlando Magic,0.8508996436850569
Toronto Raptors,Washington Wizards,0.6565068744020417
Utah Jazz,Denver Nuggets,0.5139474405999029
Chicago Bulls,Brooklyn Nets,0.8683465076760337
Denver Nuggets,Dallas Mavericks,0.7191876227656375
San Antonio Spurs,Oklahoma City Thunder,0.5741315918675332
Atlanta Hawks,Philadelphia 76ers,0.6732302224909557
Boston Celtics,Cleveland Cavaliers,0.9085846162808685
Miami Heat,Charlotte Hornets,0.9644859151200116
Chicago Bulls,Orlando Magic,0.8110639426051657
Oklahoma City Thunder,Indiana Pacers,0.5943904377653398
Los Angeles Lakers,Memphis Grizzlies,0.5478561060013784
Minnesota Timberwolves,Toronto Raptors,0.623238952981209
New York Knicks,Milwaukee Bucks,0.6642353095443636
Phoenix Suns,Golden State Warriors,0.8253529240050699
Houston Rockets,Portland Trail Blazers,0.5489102216329134
Dallas Mavericks,Sacramento Kings,0.6122838423032848
Utah Jazz,New Orleans Pelicans,0.8001373571376834
Brooklyn Nets,Charlotte Hornets,0.8835640855572909
Denver Nuggets,Houston Rockets,0.6744610647542553
Miami Heat,Philadelphia 76ers,0.8009309205647436
Milwaukee Bucks,Toronto Raptors,0.7455092841315413
Minnesota Timberwolves,Detroit Pistons,0.5864277005131445
San Antonio Spurs,Atlanta Hawks,0.7688135391212969
Indiana Pacers,Washington Wizards,0.7271045037600488
Boston Celtics,Washington Wizards,0.8719546970524388
Orlando Magic,Cleveland Cavaliers,0.6887804221990391
Chicago Bulls,Detroit Pistons,0.8228169398459271
Utah Jazz,Golden State Warriors,0.6598776719456797
Los Angeles Clippers,Los Angeles Lakers,0.5735136488380758
Oklahoma City Thunder,New York Knicks,0.7350797445045063
Phoenix Suns,New Orleans Pelicans,0.764865467155963
Portland Trail Blazers,Dallas Mavericks,0.5039337020557809
Memphis Grizzlies,Sacramento Kings,0.7593165966485267
Philadelphia 76ers,Brooklyn Nets,0.7003299370815302
Chicago Bulls,Toronto Raptors,0.9096756535441578
Golden State Warriors,Minnesota Timberwolves,0.5754941033128014
Houston Rockets,Phoenix Suns,0.5297661582781722
Indiana Pacers,Cleveland Cavaliers,0.9211944799528541
Los Angeles Lakers,New Orleans Pelicans,0.8313024281220465
Memphis Grizzlies,Charlotte Hornets,0.975512801908769
Miami Heat,Milwaukee Bucks,0.822998213501769
New York Knicks,Washington Wizards,0.8466356903148035
Oklahoma City Thunder,Utah Jazz,0.703528104963397
Boston Celtics,Brooklyn Nets,0.8808697521536266
Detroit Pistons,Cleveland Cavaliers,0.5239274131961442
Dallas Mavericks,Phoenix Suns,0.5550515848908818
San Antonio Spurs,Denver Nuggets,0.7050940405437127
Los Angeles Clippers,Minnesota Timberwolves,0.836016160260191
Orlando Magic,Milwaukee Bucks,0.5751057446263215
Philadelphia 76ers,Atlanta Hawks,0.5809012949744056
Los Angeles Lakers,Portland Trail Blazers,0.6435953790167092
Sacramento Kings,New Orleans Pelicans,0.5631454027424244
Miami Heat,Washington Wizards,0.8686684168665444
Chicago Bulls,New York Knicks,0.7354912736906172
Oklahoma City Thunder,Golden State Warriors,0.8767584701072397
Atlanta Hawks,Milwaukee Bucks,0.7042258329446989
New York Knicks,Cleveland Cavaliers,0.773590551910955
Denver Nuggets,Dallas Mavericks,0.5320091947640363
Detroit Pistons,Charlotte Hornets,0.9150946121868482
Memphis Grizzlies,Houston Rockets,0.5748419813576353
Indiana Pacers,Brooklyn Nets,0.896868672554364
Los Angeles Lakers,Golden State Warriors,0.8774378404651271
Miami Heat,Boston Celtics,0.7161880315313176
Los Angeles Clippers,New Orleans Pelicans,0.7090999636467297
Oklahoma City Thunder,Portland Trail Blazers,0.821231509365192
San Antonio Spurs,Sacramento Kings,0.9334252737265185
Chicago Bulls,Toronto Raptors,0.8264511476766764
Utah Jazz,Minnesota Timberwolves,0.8025380160553338
Philadelphia 76ers,Washington Wizards,0.650557937499556
Milwaukee Bucks,Charlotte Hornets,0.8686700892767427
Memphis Grizzlies,Los Angeles Clippers,0.6059566417886391
Phoenix Suns,Minnesota Timberwolves,0.6369244423653772
Boston Celtics,Orlando Magic,0.5765068282558581
Denver Nuggets,Portland Trail Blazers,0.819977824368486
Houston Rockets,Sacramento Kings,0.7739380927767336
San Antonio Spurs,Los Angeles Lakers,0.716686412656809
Miami Heat,Chicago Bulls,0.587726530046818
Dallas Mavericks,New Orleans Pelicans,0.5654738643657685
New York Knicks,Indiana Pacers,0.5446472081627447
Philadelphia 76ers,Cleveland Cavaliers,0.902513348657608
Toronto Raptors,Brooklyn Nets,0.6748283327961685
Brooklyn Nets,Washington Wizards,0.5798189769832516
New York Knicks,Charlotte Hornets,0.9070485199356537
Miami Heat,Cleveland Cavaliers,0.9048440256699413
Memphis Grizzlies,Dallas Mavericks,0.5497689418310011
Philadelphia 76ers,Detroit Pistons,0.6219897656446094
San Antonio Spurs,Golden State Warriors,0.9032393415998486
Denver Nuggets,Milwaukee Bucks,0.5841590665060261
Utah Jazz,Minnesota Timberwolves,0.6299443791622441
Oklahoma City Thunder,Sacramento Kings,0.9132267065187348
Chicago Bulls,Orlando Magic,0.7067197878382501
Phoenix Suns,Houston Rockets,0.5638196395484414
Atlanta Hawks,Toronto Raptors,0.8539161280129967
Los Angeles Clippers,Portland Trail Blazers,0.814376416608014
Brooklyn Nets,Detroit Pistons,0.5099610064636276
Cleveland Cavaliers,Charlotte Hornets,0.6189046317338218
Chicago Bulls,Washington Wizards,0.9196617648808768
Dallas Mavericks,New Orleans Pelicans,0.7690823151181906
Denver Nuggets,Phoenix Suns,0.661337759536221
Indiana Pacers,Philadelphia 76ers,0.7129321016271958
Los Angeles Lakers,Houston Rockets,0.6619558874412522
Memphis Grizzlies,Utah Jazz,0.6935660166161036
Miami Heat,Orlando Magic,0.8295159469096512
New York Knicks,Atlanta Hawks,0.5467583633935968
Oklahoma City Thunder,Milwaukee Bucks,0.8036740657703717
Portland Trail Blazers,Golden State Warriors,0.7502782343442052
Los Angeles Clippers,Sacramento Kings,0.747350528771297
San Antonio Spurs,Minnesota Timberwolves,0.9259563673877531
Boston Celtics,Toronto Raptors,0.7290139910657363
Chicago Bulls,Brooklyn Nets,0.8683465076760337
Denver Nuggets,Golden State Warriors,0.8833761339826688
Los Angeles Clippers,Memphis Grizzlies,0.5525368907579981
New York Knicks,Boston Celtics,0.5177581491007265
Indiana Pacers,Atlanta Hawks,0.6363818499771132
Miami Heat,Milwaukee Bucks,0.822998213501769
Oklahoma City Thunder,Houston Rockets,0.786066859336255
San Antonio Spurs,Los Angeles Lakers,0.7673653589372113
Chicago Bulls,Brooklyn Nets,0.8683465076760337
Los Angeles Clippers,Memphis Grizzlies,0.5525368907579981
Denver Nuggets,Golden State Warriors,0.8833761339826688
Miami Heat,Milwaukee Bucks,0.822998213501769
New York Knicks,Boston Celtics,0.5177581491007265
Indiana Pacers,Atlanta Hawks,0.6363818499771132
Oklahoma City Thunder,Houston Rockets,0.786066859336255
San Antonio Spurs,Los Angeles Lakers,0.7673653589372113
Chicago Bulls,Brooklyn Nets,0.9255388995996939
Memphis Grizzlies,Los Angeles Clippers,0.6059566417886391
Miami Heat,Milwaukee Bucks,0.7748252847933086
Boston Celtics,New York Knicks,0.6232245445951473
Denver Nuggets,Golden State Warriors,0.7392599764556225
San Antonio Spurs,Los Angeles Lakers,0.716686412656809
Atlanta Hawks,Indiana Pacers,0.5900912886062927
Chicago Bulls,Brooklyn Nets,0.9255388995996939
Oklahoma City Thunder,Houston Rockets,0.7595234967498682
Memphis Grizzlies,Los Angeles Clippers,0.6059566417886391
Boston Celtics,New York Knicks,0.6232245445951473
Denver Nuggets,Golden State Warriors,0.7392599764556225
San Antonio Spurs,Los Angeles Lakers,0.716686412656809
Miami Heat,Milwaukee Bucks,0.7748252847933086
Atlanta Hawks,Indiana Pacers,0.5900912886062927
Chicago Bulls,Brooklyn Nets,0.8683465076760337
Oklahoma City Thunder,Houston Rockets,0.7595234967498682
Denver Nuggets,Golden State Warriors,0.8833761339826688
Los Angeles Clippers,Memphis Grizzlies,0.5525368907579981
Indiana Pacers,Atlanta Hawks,0.6363818499771132
New York Knicks,Boston Celtics,0.5177581491007265
Oklahoma City Thunder,Houston Rockets,0.786066859336255
Chicago Bulls,Brooklyn Nets,0.9255388995996939
Denver Nuggets,Golden State Warriors,0.7392599764556225
Atlanta Hawks,Indiana Pacers,0.5900912886062927
Boston Celtics,New York Knicks,0.6232245445951473
Oklahoma City Thunder,Houston Rockets,0.7595234967498682
Memphis Grizzlies,Los Angeles Clippers,0.6059566417886391
Chicago Bulls,Brooklyn Nets,0.8683465076760337
New York Knicks,Indiana Pacers,0.5446472081627447
Oklahoma City Thunder,Memphis Grizzlies,0.6945266481060567
Miami Heat,Chicago Bulls,0.587726530046818
San Antonio Spurs,Golden State Warriors,0.9470795980232828
New York Knicks,Indiana Pacers,0.5446472081627447
Oklahoma City Thunder,Memphis Grizzlies,0.6945266481060567
Miami Heat,Chicago Bulls,0.587726530046818
San Antonio Spurs,Golden State Warriors,0.9470795980232828
Miami Heat,Chicago Bulls,0.500220778621878
San Antonio Spurs,Golden State Warriors,0.9032393415998486
Indiana Pacers,New York Knicks,0.6604883808980445
Oklahoma City Thunder,Memphis Grizzlies,0.61833620944166
San Antonio Spurs,Golden State Warriors,0.9032393415998486
Miami Heat,Chicago Bulls,0.500220778621878
Oklahoma City Thunder,Memphis Grizzlies,0.61833620944166
Indiana Pacers,New York Knicks,0.6604883808980445
San Antonio Spurs,Golden State Warriors,0.9470795980232828
Miami Heat,Chicago Bulls,0.587726530046818
Oklahoma City Thunder,Memphis Grizzlies,0.6945266481060567
San Antonio Spurs,Golden State Warriors,0.9032393415998486
New York Knicks,Indiana Pacers,0.5446472081627447
Indiana Pacers,New York Knicks,0.6604883808980445
San Antonio Spurs,Memphis Grizzlies,0.7517968563406833
San Antonio Spurs,Memphis Grizzlies,0.7517968563406833
Miami Heat,Indiana Pacers,0.7376198350084301
Miami Heat,Indiana Pacers,0.7376198350084301
San Antonio Spurs,Memphis Grizzlies,0.680083130812672
Miami Heat,Indiana Pacers,0.588574653228273
San Antonio Spurs,Memphis Grizzlies,0.680083130812672
Miami Heat,Indiana Pacers,0.588574653228273
Miami Heat,Indiana Pacers,0.7376198350084301
Miami Heat,Indiana Pacers,0.588574653228273
Miami Heat,Indiana Pacers,0.7376198350084301
San Antonio Spurs,Miami Heat,0.5427333945658166
San Antonio Spurs,Miami Heat,0.5427333945658166
San Antonio Spurs,Miami Heat,0.5704906354620572
San Antonio Spurs,Miami Heat,0.5704906354620572
San Antonio Spurs,Miami Heat,0.5704906354620572
San Antonio Spurs,Miami Heat,0.5427333945658166
San Antonio Spurs,Miami Heat,0.5427333945658166
