Date,Start (ET),Visitor/Neutral,PTS,Home/Neutral,PTS,,,Attend.,Notes
Sun Dec 25 2011,1:30 pm,Miami Heat,105,Dallas Mavericks,94,Box Score,,20421,
Sun Dec 25 2011,7:30 pm,Los Angeles Clippers,105,Golden State Warriors,86,Box Score,,19596,
Sun Dec 25 2011,2:00 pm,Chicago Bulls,88,Los Angeles Lakers,87,Box Score,,18997,
Sun Dec 25 2011,12:00 pm,Boston Celtics,104,New York Knicks,106,Box Score,,19763,
Sun Dec 25 2011,7:00 pm,Orlando Magic,89,Oklahoma City Thunder,97,Box Score,,18203,
Mon Dec 26 2011,7:00 pm,Milwaukee Bucks,95,Charlotte Bobcats,96,Box Score,,17173,
Mon Dec 26 2011,7:00 pm,Toronto Raptors,104,Cleveland Cavaliers,96,Box Score,,20562,
Mon Dec 26 2011,7:30 pm,Denver Nuggets,115,Dallas Mavericks,93,Box Score,,20408,
Mon Dec 26 2011,7:30 pm,Chicago Bulls,91,Golden State Warriors,99,Box Score,,19596,
Mon Dec 26 2011,7:00 pm,Detroit Pistons,79,Indiana Pacers,91,Box Score,,18165,
Mon Dec 26 2011,7:00 pm,Oklahoma City Thunder,104,Minnesota Timberwolves,100,Box Score,,19406,
Mon Dec 26 2011,7:00 pm,Houston Rockets,95,Orlando Magic,104,Box Score,,18846,
Mon Dec 26 2011,7:00 pm,New Orleans Hornets,85,Phoenix Suns,84,Box Score,,17776,
Mon Dec 26 2011,7:00 pm,Philadelphia 76ers,103,Portland Trail Blazers,107,Box Score,,20509,
Mon Dec 26 2011,7:00 pm,Los Angeles Lakers,91,Sacramento Kings,100,Box Score,,17317,
Mon Dec 26 2011,7:30 pm,Memphis Grizzlies,82,San Antonio Spurs,95,Box Score,,18581,
Mon Dec 26 2011,7:00 pm,New Jersey Nets,90,Washington Wizards,84,Box Score,,17102,
Tue Dec 27 2011,7:30 pm,Utah Jazz,71,Los Angeles Lakers,96,Box Score,,18997,
Tue Dec 27 2011,8:00 pm,Boston Celtics,107,Miami Heat,115,Box Score,,20166,
Tue Dec 27 2011,7:30 pm,Minnesota Timberwolves,95,Milwaukee Bucks,98,Box Score,,17352,
Tue Dec 27 2011,7:30 pm,Atlanta Hawks,106,New Jersey Nets,70,Box Score,,18711,
Tue Dec 27 2011,7:00 pm,Sacramento Kings,79,Portland Trail Blazers,101,Box Score,,20350,
Wed Dec 28 2011,7:30 pm,Washington Wizards,83,Atlanta Hawks,101,Box Score,,17750,
Wed Dec 28 2011,7:00 pm,Miami Heat,96,Charlotte Bobcats,95,Box Score,,19614,
Wed Dec 28 2011,7:00 pm,Utah Jazz,100,Denver Nuggets,117,Box Score,,19155,
Wed Dec 28 2011,7:30 pm,Cleveland Cavaliers,105,Detroit Pistons,89,Box Score,,22076,
Wed Dec 28 2011,7:30 pm,New York Knicks,78,Golden State Warriors,92,Box Score,,19596,
Wed Dec 28 2011,7:00 pm,Oklahoma City Thunder,98,Memphis Grizzlies,95,Box Score,,18119,
Wed Dec 28 2011,7:00 pm,Boston Celtics,78,New Orleans Hornets,97,Box Score,,17802,
Wed Dec 28 2011,7:00 pm,Philadelphia 76ers,103,Phoenix Suns,83,Box Score,,16360,
Wed Dec 28 2011,7:30 pm,Los Angeles Clippers,90,San Antonio Spurs,115,Box Score,,18581,
Wed Dec 28 2011,6:00 pm,Indiana Pacers,90,Toronto Raptors,85,Box Score,,19800,
Thu Dec 29 2011,7:00 pm,San Antonio Spurs,85,Houston Rockets,105,Box Score,,18267,
Thu Dec 29 2011,7:30 pm,New York Knicks,82,Los Angeles Lakers,99,Box Score,,18997,
Thu Dec 29 2011,7:00 pm,Dallas Mavericks,102,Oklahoma City Thunder,104,Box Score,,18203,
Thu Dec 29 2011,7:00 pm,New Jersey Nets,78,Orlando Magic,94,Box Score,,18954,
Thu Dec 29 2011,7:00 pm,Denver Nuggets,102,Portland Trail Blazers,111,Box Score,,20531,
Thu Dec 29 2011,7:00 pm,Chicago Bulls,108,Sacramento Kings,98,Box Score,,17317,
Fri Dec 30 2011,7:30 pm,New Jersey Nets,98,Atlanta Hawks,105,Box Score,,16300,
Fri Dec 30 2011,7:30 pm,Detroit Pistons,85,Boston Celtics,96,Box Score,,18624,
Fri Dec 30 2011,7:00 pm,Orlando Magic,100,Charlotte Bobcats,79,Box Score,,18064,
Fri Dec 30 2011,7:30 pm,Toronto Raptors,86,Dallas Mavericks,99,Box Score,,20307,
Fri Dec 30 2011,7:00 pm,Cleveland Cavaliers,91,Indiana Pacers,98,Box Score,OT,13004,
Fri Dec 30 2011,7:30 pm,Chicago Bulls,114,Los Angeles Clippers,101,Box Score,,19426,
Fri Dec 30 2011,7:00 pm,Houston Rockets,93,Memphis Grizzlies,113,Box Score,,16069,
Fri Dec 30 2011,7:30 pm,Washington Wizards,81,Milwaukee Bucks,102,Box Score,,17065,
Fri Dec 30 2011,7:00 pm,Miami Heat,103,Minnesota Timberwolves,101,Box Score,,19356,
Fri Dec 30 2011,7:00 pm,Phoenix Suns,93,New Orleans Hornets,78,Box Score,,15790,
Fri Dec 30 2011,7:00 pm,Philadelphia 76ers,99,Utah Jazz,102,Box Score,,19911,
Sat Dec 31 2011,6:00 pm,Indiana Pacers,88,Detroit Pistons,96,Box Score,,8824,
Sat Dec 31 2011,6:00 pm,Philadelphia 76ers,107,Golden State Warriors,79,Box Score,,19084,
Sat Dec 31 2011,6:00 pm,Atlanta Hawks,84,Houston Rockets,95,Box Score,,14390,
Sat Dec 31 2011,12:30 pm,Denver Nuggets,89,Los Angeles Lakers,92,Box Score,,18997,
Sat Dec 31 2011,7:00 pm,Phoenix Suns,97,Oklahoma City Thunder,107,Box Score,,18203,
Sat Dec 31 2011,5:00 pm,New York Knicks,114,Sacramento Kings,92,Box Score,,16175,
Sat Dec 31 2011,7:30 pm,Utah Jazz,89,San Antonio Spurs,104,Box Score,,17769,
Sun Jan 1 2012,7:00 pm,Memphis Grizzlies,64,Chicago Bulls,104,Box Score,,22763,
Sun Jan 1 2012,6:00 pm,New Jersey Nets,82,Cleveland Cavaliers,98,Box Score,,15084,
Sun Jan 1 2012,6:00 pm,Los Angeles Lakers,90,Denver Nuggets,99,Box Score,,19155,
Sun Jan 1 2012,6:30 pm,Portland Trail Blazers,88,Los Angeles Clippers,93,Box Score,,19060,
Sun Jan 1 2012,6:00 pm,Charlotte Bobcats,90,Miami Heat,129,Box Score,,20016,
Sun Jan 1 2012,6:00 pm,Dallas Mavericks,82,Minnesota Timberwolves,99,Box Score,,15115,
Sun Jan 1 2012,6:00 pm,Toronto Raptors,96,Orlando Magic,102,Box Score,,18846,
Sun Jan 1 2012,6:00 pm,New Orleans Hornets,80,Sacramento Kings,96,Box Score,,13628,
Sun Jan 1 2012,6:00 pm,Boston Celtics,94,Washington Wizards,86,Box Score,,17458,
Mon Jan 2 2012,7:30 pm,Washington Wizards,92,Boston Celtics,100,Box Score,,18624,
Mon Jan 2 2012,7:30 pm,Oklahoma City Thunder,87,Dallas Mavericks,100,Box Score,,20108,
Mon Jan 2 2012,7:00 pm,Milwaukee Bucks,86,Denver Nuggets,91,Box Score,,14142,
Mon Jan 2 2012,7:30 pm,Orlando Magic,78,Detroit Pistons,89,Box Score,,8120,
Mon Jan 2 2012,7:30 pm,Atlanta Hawks,100,Miami Heat,92,Box Score,,20078,
Mon Jan 2 2012,7:00 pm,San Antonio Spurs,96,Minnesota Timberwolves,106,Box Score,,14514,
Mon Jan 2 2012,7:30 pm,Indiana Pacers,108,New Jersey Nets,94,Box Score,,12519,
Mon Jan 2 2012,7:30 pm,Toronto Raptors,90,New York Knicks,85,Box Score,,19763,
Mon Jan 2 2012,1:30 pm,Golden State Warriors,91,Phoenix Suns,102,Box Score,,14793,
Mon Jan 2 2012,7:00 pm,New Orleans Hornets,90,Utah Jazz,94,Box Score,,19159,
Tue Jan 3 2012,7:00 pm,Atlanta Hawks,74,Chicago Bulls,76,Box Score,,22166,
Tue Jan 3 2012,7:00 pm,Charlotte Bobcats,101,Cleveland Cavaliers,115,Box Score,,14173,
Tue Jan 3 2012,7:30 pm,Houston Rockets,99,Los Angeles Lakers,108,Box Score,,18997,
Tue Jan 3 2012,7:00 pm,Sacramento Kings,96,Memphis Grizzlies,113,Box Score,,12391,
Tue Jan 3 2012,7:00 pm,Portland Trail Blazers,103,Oklahoma City Thunder,93,Box Score,,18203,
Tue Jan 3 2012,7:00 pm,Milwaukee Bucks,73,Utah Jazz,85,Box Score,,17756,
Wed Jan 4 2012,7:30 pm,New Jersey Nets,70,Boston Celtics,89,Box Score,,18624,
Wed Jan 4 2012,7:30 pm,Phoenix Suns,89,Dallas Mavericks,98,Box Score,,19885,
Wed Jan 4 2012,7:00 pm,Sacramento Kings,83,Denver Nuggets,110,Box Score,,14562,
Wed Jan 4 2012,7:30 pm,Chicago Bulls,99,Detroit Pistons,83,Box Score,,9125,
Wed Jan 4 2012,7:30 pm,Houston Rockets,89,Los Angeles Clippers,117,Box Score,,19060,
Wed Jan 4 2012,7:30 pm,Indiana Pacers,83,Miami Heat,118,Box Score,,20201,
Wed Jan 4 2012,7:00 pm,Memphis Grizzlies,90,Minnesota Timberwolves,86,Box Score,,17404,
Wed Jan 4 2012,7:00 pm,Philadelphia 76ers,101,New Orleans Hornets,93,Box Score,,12387,
Wed Jan 4 2012,7:30 pm,Charlotte Bobcats,118,New York Knicks,110,Box Score,,19763,
Wed Jan 4 2012,7:00 pm,Washington Wizards,85,Orlando Magic,103,Box Score,,18846,
Wed Jan 4 2012,7:30 pm,Golden State Warriors,95,San Antonio Spurs,101,Box Score,,16751,
Wed Jan 4 2012,7:00 pm,Cleveland Cavaliers,77,Toronto Raptors,92,Box Score,,14468,
Thu Jan 5 2012,8:00 pm,Miami Heat,116,Atlanta Hawks,109,Box Score,3OT,18371,
Thu Jan 5 2012,7:30 pm,Los Angeles Lakers,96,Portland Trail Blazers,107,Box Score,,20444,
Thu Jan 5 2012,7:00 pm,Milwaukee Bucks,100,Sacramento Kings,103,Box Score,,11813,
Thu Jan 5 2012,7:30 pm,Dallas Mavericks,71,San Antonio Spurs,93,Box Score,,18581,
Fri Jan 6 2012,7:30 pm,Indiana Pacers,87,Boston Celtics,74,Box Score,,18624,
Fri Jan 6 2012,7:00 pm,Atlanta Hawks,102,Charlotte Bobcats,96,Box Score,OT,17827,
Fri Jan 6 2012,7:30 pm,Golden State Warriors,90,Los Angeles Lakers,97,Box Score,,18997,
Fri Jan 6 2012,7:00 pm,Cleveland Cavaliers,98,Minnesota Timberwolves,87,Box Score,,16943,
Fri Jan 6 2012,7:00 pm,Denver Nuggets,96,New Orleans Hornets,88,Box Score,,13035,
Fri Jan 6 2012,7:00 pm,Houston Rockets,94,Oklahoma City Thunder,109,Box Score,,18203,
Fri Jan 6 2012,8:00 pm,Chicago Bulls,97,Orlando Magic,83,Box Score,,18912,
Fri Jan 6 2012,7:00 pm,Detroit Pistons,73,Philadelphia 76ers,96,Box Score,,19408,
Fri Jan 6 2012,8:30 pm,Portland Trail Blazers,77,Phoenix Suns,102,Box Score,,16235,
Fri Jan 6 2012,7:00 pm,New Jersey Nets,97,Toronto Raptors,85,Box Score,,16771,
Fri Jan 6 2012,7:00 pm,Memphis Grizzlies,85,Utah Jazz,94,Box Score,,19503,
Fri Jan 6 2012,7:00 pm,New York Knicks,99,Washington Wizards,96,Box Score,,16998,
Sat Jan 7 2012,7:00 pm,Chicago Bulls,94,Atlanta Hawks,109,Box Score,,17112,
Sat Jan 7 2012,8:00 pm,New Orleans Hornets,81,Dallas Mavericks,96,Box Score,,20409,
Sat Jan 7 2012,7:30 pm,New York Knicks,103,Detroit Pistons,80,Box Score,,12044,
Sat Jan 7 2012,7:30 pm,Utah Jazz,88,Golden State Warriors,87,Box Score,,19596,
Sat Jan 7 2012,7:00 pm,Oklahoma City Thunder,98,Houston Rockets,95,Box Score,,14327,
Sat Jan 7 2012,7:00 pm,Charlotte Bobcats,77,Indiana Pacers,99,Box Score,,17226,
Sat Jan 7 2012,7:30 pm,Milwaukee Bucks,86,Los Angeles Clippers,92,Box Score,,19229,
Sat Jan 7 2012,7:30 pm,Miami Heat,101,New Jersey Nets,90,Box Score,,18711,
Sat Jan 7 2012,8:00 pm,Toronto Raptors,62,Philadelphia 76ers,97,Box Score,,14522,
Sat Jan 7 2012,7:30 pm,Denver Nuggets,117,San Antonio Spurs,121,Box Score,,17537,
Sun Jan 8 2012,6:30 pm,Memphis Grizzlies,82,Los Angeles Lakers,90,Box Score,,18997,
Sun Jan 8 2012,6:00 pm,San Antonio Spurs,96,Oklahoma City Thunder,108,Box Score,,18203,
Sun Jan 8 2012,6:00 pm,Milwaukee Bucks,93,Phoenix Suns,109,Box Score,,13420,
Sun Jan 8 2012,6:00 pm,Cleveland Cavaliers,78,Portland Trail Blazers,98,Box Score,,20292,
Sun Jan 8 2012,3:00 pm,Orlando Magic,104,Sacramento Kings,97,Box Score,,14150,
Sun Jan 8 2012,1:00 pm,Minnesota Timberwolves,93,Washington Wizards,72,Box Score,,13095,
Mon Jan 9 2012,7:00 pm,Detroit Pistons,68,Chicago Bulls,92,Box Score,,21530,
Mon Jan 9 2012,7:00 pm,New Orleans Hornets,94,Denver Nuggets,81,Box Score,,14002,
Mon Jan 9 2012,7:30 pm,Atlanta Hawks,106,New Jersey Nets,101,Box Score,,12259,
Mon Jan 9 2012,7:30 pm,Charlotte Bobcats,87,New York Knicks,91,Box Score,,19763,
Mon Jan 9 2012,7:00 pm,Indiana Pacers,86,Philadelphia 76ers,96,Box Score,,8612,
Mon Jan 9 2012,7:00 pm,Minnesota Timberwolves,87,Toronto Raptors,97,Box Score,,14097,
Tue Jan 10 2012,7:00 pm,Houston Rockets,82,Charlotte Bobcats,70,Box Score,,13421,
Tue Jan 10 2012,7:30 pm,Dallas Mavericks,100,Detroit Pistons,86,Box Score,,10073,
Tue Jan 10 2012,7:30 pm,Miami Heat,106,Golden State Warriors,111,Box Score,OT,19596,
Tue Jan 10 2012,7:30 pm,Phoenix Suns,83,Los Angeles Lakers,99,Box Score,,18997,
Tue Jan 10 2012,7:00 pm,Oklahoma City Thunder,100,Memphis Grizzlies,95,Box Score,,13601,
Tue Jan 10 2012,7:00 pm,San Antonio Spurs,103,Milwaukee Bucks,106,Box Score,,11585,
Tue Jan 10 2012,7:00 pm,Chicago Bulls,111,Minnesota Timberwolves,100,Box Score,,19356,
Tue Jan 10 2012,7:00 pm,Sacramento Kings,85,Philadelphia 76ers,112,Box Score,,10255,
Tue Jan 10 2012,7:00 pm,Los Angeles Clippers,97,Portland Trail Blazers,105,Box Score,,20381,
Tue Jan 10 2012,7:00 pm,Cleveland Cavaliers,105,Utah Jazz,113,Box Score,,17859,
Tue Jan 10 2012,7:00 pm,Toronto Raptors,78,Washington Wizards,93,Box Score,,14077,
Wed Jan 11 2012,8:00 pm,Dallas Mavericks,90,Boston Celtics,85,Box Score,,18624,
Wed Jan 11 2012,7:00 pm,Washington Wizards,64,Chicago Bulls,78,Box Score,,21366,
Wed Jan 11 2012,7:00 pm,New Jersey Nets,115,Denver Nuggets,123,Box Score,,14139,
Wed Jan 11 2012,7:00 pm,Atlanta Hawks,84,Indiana Pacers,96,Box Score,,10334,
Wed Jan 11 2012,7:30 pm,Miami Heat,89,Los Angeles Clippers,95,Box Score,OT,19341,
Wed Jan 11 2012,7:00 pm,Oklahoma City Thunder,95,New Orleans Hornets,85,Box Score,,13565,
Wed Jan 11 2012,7:30 pm,Philadelphia 76ers,79,New York Knicks,85,Box Score,,19763,
Wed Jan 11 2012,7:00 pm,Orlando Magic,107,Portland Trail Blazers,104,Box Score,,20467,
Wed Jan 11 2012,7:30 pm,Houston Rockets,95,San Antonio Spurs,101,Box Score,OT,17381,
Wed Jan 11 2012,7:00 pm,Sacramento Kings,98,Toronto Raptors,91,Box Score,,14323,
Wed Jan 11 2012,7:00 pm,Los Angeles Lakers,90,Utah Jazz,87,Box Score,OT,19642,
Thu Jan 12 2012,7:30 pm,Charlotte Bobcats,81,Atlanta Hawks,111,Box Score,,10597,
Thu Jan 12 2012,7:30 pm,Orlando Magic,117,Golden State Warriors,109,Box Score,,17754,
Thu Jan 12 2012,7:00 pm,New York Knicks,83,Memphis Grizzlies,94,Box Score,,15324,
Thu Jan 12 2012,7:00 pm,Detroit Pistons,93,Milwaukee Bucks,102,Box Score,,11465,
Thu Jan 12 2012,7:00 pm,Cleveland Cavaliers,101,Phoenix Suns,90,Box Score,,14636,
Fri Jan 13 2012,8:00 pm,Chicago Bulls,88,Boston Celtics,79,Box Score,,18624,
Fri Jan 13 2012,7:00 pm,Detroit Pistons,98,Charlotte Bobcats,81,Box Score,,18043,
Fri Jan 13 2012,7:30 pm,Milwaukee Bucks,76,Dallas Mavericks,102,Box Score,,20112,
Fri Jan 13 2012,8:30 pm,Miami Heat,104,Denver Nuggets,117,Box Score,,19155,
Fri Jan 13 2012,7:00 pm,Sacramento Kings,89,Houston Rockets,103,Box Score,,12870,
Fri Jan 13 2012,7:30 pm,Cleveland Cavaliers,92,Los Angeles Lakers,97,Box Score,,18997,
Fri Jan 13 2012,7:00 pm,Minnesota Timberwolves,87,New Orleans Hornets,80,Box Score,,14295,
Fri Jan 13 2012,7:00 pm,Washington Wizards,89,Philadelphia 76ers,120,Box Score,,14213,
Fri Jan 13 2012,7:00 pm,New Jersey Nets,110,Phoenix Suns,103,Box Score,,15191,
Fri Jan 13 2012,7:30 pm,Portland Trail Blazers,83,San Antonio Spurs,99,Box Score,,18581,
Fri Jan 13 2012,7:00 pm,Indiana Pacers,95,Toronto Raptors,90,Box Score,,15302,
Sat Jan 14 2012,7:00 pm,Minnesota Timberwolves,91,Atlanta Hawks,93,Box Score,,13135,
Sat Jan 14 2012,7:00 pm,Golden State Warriors,100,Charlotte Bobcats,112,Box Score,,16122,
Sat Jan 14 2012,7:00 pm,Toronto Raptors,64,Chicago Bulls,77,Box Score,,21962,
Sat Jan 14 2012,8:00 pm,Sacramento Kings,60,Dallas Mavericks,99,Box Score,,20313,
Sat Jan 14 2012,7:00 pm,Portland Trail Blazers,105,Houston Rockets,107,Box Score,OT,11676,
Sat Jan 14 2012,7:00 pm,Boston Celtics,83,Indiana Pacers,97,Box Score,,14203,
Sat Jan 14 2012,7:30 pm,Los Angeles Lakers,94,Los Angeles Clippers,102,Box Score,,19895,
Sat Jan 14 2012,7:00 pm,New Orleans Hornets,99,Memphis Grizzlies,108,Box Score,,14983,
Sat Jan 14 2012,7:00 pm,New York Knicks,92,Oklahoma City Thunder,104,Box Score,,18203,
Sat Jan 14 2012,7:00 pm,New Jersey Nets,94,Utah Jazz,107,Box Score,,19557,
Sat Jan 14 2012,7:00 pm,Philadelphia 76ers,103,Washington Wizards,90,Box Score,,13998,
Sun Jan 15 2012,6:00 pm,Utah Jazz,106,Denver Nuggets,96,Box Score,,16208,
Sun Jan 15 2012,6:00 pm,Golden State Warriors,99,Detroit Pistons,91,Box Score,,11774,
Sun Jan 15 2012,8:00 pm,Phoenix Suns,91,San Antonio Spurs,102,Box Score,,18581,
Mon Jan 16 2012,4:00 pm,Toronto Raptors,84,Atlanta Hawks,93,Box Score,,11050,
Mon Jan 16 2012,8:00 pm,Oklahoma City Thunder,97,Boston Celtics,88,Box Score,,18624,
Mon Jan 16 2012,2:00 pm,Cleveland Cavaliers,102,Charlotte Bobcats,94,Box Score,,14988,
Mon Jan 16 2012,12:30 pm,New Jersey Nets,91,Los Angeles Clippers,101,Box Score,,19060,
Mon Jan 16 2012,7:30 pm,Dallas Mavericks,70,Los Angeles Lakers,73,Box Score,,18997,
Mon Jan 16 2012,12:00 pm,Chicago Bulls,86,Memphis Grizzlies,102,Box Score,,18119,
Mon Jan 16 2012,7:00 pm,Sacramento Kings,86,Minnesota Timberwolves,99,Box Score,,16159,
Mon Jan 16 2012,2:00 pm,Portland Trail Blazers,84,New Orleans Hornets,77,Box Score,,14758,
Mon Jan 16 2012,1:00 pm,Orlando Magic,102,New York Knicks,93,Box Score,,19763,
Mon Jan 16 2012,2:00 pm,Milwaukee Bucks,82,Philadelphia 76ers,94,Box Score,,17281,
Mon Jan 16 2012,2:00 pm,Houston Rockets,114,Washington Wizards,106,Box Score,,15594,
Tue Jan 17 2012,7:00 pm,Phoenix Suns,97,Chicago Bulls,118,Box Score,,21347,
Tue Jan 17 2012,7:00 pm,Golden State Warriors,105,Cleveland Cavaliers,95,Box Score,,13056,
Tue Jan 17 2012,7:00 pm,Detroit Pistons,80,Houston Rockets,97,Box Score,,9318,
Tue Jan 17 2012,7:30 pm,San Antonio Spurs,98,Miami Heat,120,Box Score,,19600,
Tue Jan 17 2012,7:00 pm,Denver Nuggets,105,Milwaukee Bucks,95,Box Score,,11322,
Tue Jan 17 2012,7:00 pm,Charlotte Bobcats,89,Orlando Magic,96,Box Score,,18846,
Tue Jan 17 2012,7:00 pm,Los Angeles Clippers,79,Utah Jazz,108,Box Score,,19371,
Wed Jan 18 2012,8:00 pm,Portland Trail Blazers,89,Atlanta Hawks,92,Box Score,,13729,
Wed Jan 18 2012,7:30 pm,Toronto Raptors,73,Boston Celtics,96,Box Score,,18624,
Wed Jan 18 2012,7:30 pm,Dallas Mavericks,89,Los Angeles Clippers,91,Box Score,,19252,
Wed Jan 18 2012,7:00 pm,Detroit Pistons,85,Minnesota Timberwolves,93,Box Score,,15598,
Wed Jan 18 2012,7:30 pm,Golden State Warriors,100,New Jersey Nets,107,Box Score,,12570,
Wed Jan 18 2012,7:00 pm,Memphis Grizzlies,93,New Orleans Hornets,87,Box Score,,12045,
Wed Jan 18 2012,7:30 pm,Phoenix Suns,91,New York Knicks,88,Box Score,,19763,
Wed Jan 18 2012,7:00 pm,San Antonio Spurs,85,Orlando Magic,83,Box Score,OT,18846,
Wed Jan 18 2012,7:00 pm,Denver Nuggets,108,Philadelphia 76ers,104,Box Score,OT,15201,
Wed Jan 18 2012,7:00 pm,Indiana Pacers,88,Sacramento Kings,92,Box Score,,14170,
Wed Jan 18 2012,7:00 pm,Oklahoma City Thunder,102,Washington Wizards,105,Box Score,,15075,
Thu Jan 19 2012,7:00 pm,New Orleans Hornets,88,Houston Rockets,90,Box Score,OT,10845,
Thu Jan 19 2012,8:00 pm,Los Angeles Lakers,87,Miami Heat,98,Box Score,,20004,
Thu Jan 19 2012,8:30 pm,Dallas Mavericks,94,Utah Jazz,91,Box Score,,19911,
Fri Jan 20 2012,7:30 pm,Phoenix Suns,79,Boston Celtics,71,Box Score,,18624,
Fri Jan 20 2012,7:30 pm,Chicago Bulls,114,Cleveland Cavaliers,75,Box Score,,17871,
Fri Jan 20 2012,7:30 pm,Memphis Grizzlies,98,Detroit Pistons,81,Box Score,,10255,
Fri Jan 20 2012,7:30 pm,Indiana Pacers,94,Golden State Warriors,91,Box Score,,17621,
Fri Jan 20 2012,7:30 pm,Minnesota Timberwolves,101,Los Angeles Clippers,98,Box Score,,19492,
Fri Jan 20 2012,7:30 pm,Milwaukee Bucks,100,New York Knicks,86,Box Score,,19763,
Fri Jan 20 2012,8:00 pm,Los Angeles Lakers,80,Orlando Magic,92,Box Score,,18846,
Fri Jan 20 2012,7:00 pm,Atlanta Hawks,76,Philadelphia 76ers,90,Box Score,,17724,
Fri Jan 20 2012,7:30 pm,Sacramento Kings,88,San Antonio Spurs,86,Box Score,,18581,
Fri Jan 20 2012,7:00 pm,Portland Trail Blazers,94,Toronto Raptors,84,Box Score,,17537,
Fri Jan 20 2012,7:00 pm,Denver Nuggets,108,Washington Wizards,104,Box Score,,14866,
Sat Jan 21 2012,7:00 pm,Cleveland Cavaliers,94,Atlanta Hawks,121,Box Score,,15922,
Sat Jan 21 2012,7:00 pm,Charlotte Bobcats,89,Chicago Bulls,95,Box Score,,21861,
Sat Jan 21 2012,7:30 pm,Portland Trail Blazers,91,Detroit Pistons,94,Box Score,,14456,
Sat Jan 21 2012,7:00 pm,San Antonio Spurs,102,Houston Rockets,105,Box Score,,15285,
Sat Jan 21 2012,7:00 pm,Sacramento Kings,95,Memphis Grizzlies,128,Box Score,,16562,
Sat Jan 21 2012,7:30 pm,Philadelphia 76ers,92,Miami Heat,113,Box Score,,19725,
Sat Jan 21 2012,8:00 pm,Oklahoma City Thunder,84,New Jersey Nets,74,Box Score,,15201,
Sat Jan 21 2012,7:00 pm,Dallas Mavericks,83,New Orleans Hornets,81,Box Score,,15471,
Sat Jan 21 2012,7:30 pm,Denver Nuggets,119,New York Knicks,114,Box Score,2OT,19763,
Sat Jan 21 2012,7:00 pm,Minnesota Timberwolves,98,Utah Jazz,108,Box Score,,19911,
Sun Jan 22 2012,12:30 pm,Toronto Raptors,91,Los Angeles Clippers,103,Box Score,,19060,
Sun Jan 22 2012,6:30 pm,Indiana Pacers,98,Los Angeles Lakers,96,Box Score,,18997,
Sun Jan 22 2012,6:00 pm,Milwaukee Bucks,91,Miami Heat,82,Box Score,,19600,
Sun Jan 22 2012,6:00 pm,Charlotte Bobcats,87,New Jersey Nets,97,Box Score,,10035,
Sun Jan 22 2012,1:00 pm,Boston Celtics,100,Washington Wizards,94,Box Score,,15818,
Mon Jan 23 2012,7:30 pm,Orlando Magic,56,Boston Celtics,87,Box Score,,18624,
Mon Jan 23 2012,7:00 pm,New Jersey Nets,95,Chicago Bulls,110,Box Score,,21572,
Mon Jan 23 2012,7:30 pm,Phoenix Suns,87,Dallas Mavericks,93,Box Score,,19944,
Mon Jan 23 2012,7:30 pm,Memphis Grizzlies,91,Golden State Warriors,90,Box Score,,17549,
Mon Jan 23 2012,7:00 pm,Atlanta Hawks,97,Milwaukee Bucks,92,Box Score,,13048,
Mon Jan 23 2012,7:00 pm,Houston Rockets,107,Minnesota Timberwolves,92,Box Score,,16924,
Mon Jan 23 2012,7:00 pm,San Antonio Spurs,104,New Orleans Hornets,102,Box Score,,12599,
Mon Jan 23 2012,7:00 pm,Detroit Pistons,79,Oklahoma City Thunder,99,Box Score,,18203,
Mon Jan 23 2012,7:00 pm,Washington Wizards,83,Philadelphia 76ers,103,Box Score,,10108,
Mon Jan 23 2012,7:00 pm,Sacramento Kings,89,Portland Trail Blazers,101,Box Score,,20363,
Tue Jan 24 2012,7:00 pm,New York Knicks,111,Charlotte Bobcats,78,Box Score,,16802,
Tue Jan 24 2012,7:00 pm,Orlando Magic,102,Indiana Pacers,83,Box Score,,12760,
Tue Jan 24 2012,7:30 pm,Cleveland Cavaliers,85,Miami Heat,92,Box Score,,19600,
Tue Jan 24 2012,7:00 pm,Toronto Raptors,99,Phoenix Suns,96,Box Score,,15404,
Tue Jan 24 2012,7:00 pm,Memphis Grizzlies,84,Portland Trail Blazers,97,Box Score,,20602,
Wed Jan 25 2012,7:00 pm,Indiana Pacers,95,Chicago Bulls,90,Box Score,,21755,
Wed Jan 25 2012,7:00 pm,New York Knicks,81,Cleveland Cavaliers,91,Box Score,,16760,
Wed Jan 25 2012,7:30 pm,Minnesota Timberwolves,105,Dallas Mavericks,90,Box Score,,20150,
Wed Jan 25 2012,7:30 pm,Miami Heat,101,Detroit Pistons,98,Box Score,,18058,
Wed Jan 25 2012,7:30 pm,Portland Trail Blazers,93,Golden State Warriors,101,Box Score,,17923,
Wed Jan 25 2012,7:00 pm,Milwaukee Bucks,105,Houston Rockets,99,Box Score,,10573,
Wed Jan 25 2012,7:30 pm,Los Angeles Clippers,91,Los Angeles Lakers,96,Box Score,,18997,
Wed Jan 25 2012,7:00 pm,New Orleans Hornets,91,Oklahoma City Thunder,101,Box Score,,18203,
Wed Jan 25 2012,7:00 pm,New Jersey Nets,97,Philadelphia 76ers,90,Box Score,OT,13138,
Wed Jan 25 2012,7:00 pm,Denver Nuggets,122,Sacramento Kings,93,Box Score,,12097,
Wed Jan 25 2012,7:30 pm,Atlanta Hawks,83,San Antonio Spurs,105,Box Score,,17888,
Wed Jan 25 2012,7:00 pm,Toronto Raptors,111,Utah Jazz,106,Box Score,2OT,19802,
Wed Jan 25 2012,7:00 pm,Charlotte Bobcats,75,Washington Wizards,92,Box Score,,15286,
Thu Jan 26 2012,7:30 pm,Memphis Grizzlies,91,Los Angeles Clippers,98,Box Score,,19275,
Thu Jan 26 2012,8:00 pm,Boston Celtics,91,Orlando Magic,83,Box Score,,18952,
Fri Jan 27 2012,7:30 pm,Indiana Pacers,87,Boston Celtics,94,Box Score,,18624,
Fri Jan 27 2012,7:00 pm,Milwaukee Bucks,100,Chicago Bulls,107,Box Score,,22368,
Fri Jan 27 2012,7:30 pm,New Jersey Nets,99,Cleveland Cavaliers,96,Box Score,,13121,
Fri Jan 27 2012,7:30 pm,Utah Jazz,101,Dallas Mavericks,116,Box Score,,20096,
Fri Jan 27 2012,7:00 pm,Toronto Raptors,81,Denver Nuggets,96,Box Score,,18855,
Fri Jan 27 2012,7:30 pm,Atlanta Hawks,107,Detroit Pistons,101,Box Score,OT,14010,
Fri Jan 27 2012,7:30 pm,Oklahoma City Thunder,120,Golden State Warriors,109,Box Score,,19596,
Fri Jan 27 2012,7:00 pm,Washington Wizards,76,Houston Rockets,103,Box Score,,13894,
Fri Jan 27 2012,8:00 pm,New York Knicks,89,Miami Heat,99,Box Score,,19707,
Fri Jan 27 2012,7:00 pm,San Antonio Spurs,79,Minnesota Timberwolves,87,Box Score,,16699,
Fri Jan 27 2012,7:00 pm,Orlando Magic,67,New Orleans Hornets,93,Box Score,,16176,
Fri Jan 27 2012,7:00 pm,Charlotte Bobcats,72,Philadelphia 76ers,89,Box Score,,16199,
Fri Jan 27 2012,7:00 pm,Phoenix Suns,71,Portland Trail Blazers,109,Box Score,,20664,
Sat Jan 28 2012,7:00 pm,Washington Wizards,102,Charlotte Bobcats,99,Box Score,,17761,
Sat Jan 28 2012,7:00 pm,New York Knicks,84,Houston Rockets,97,Box Score,,18051,
Sat Jan 28 2012,7:30 pm,Los Angeles Lakers,89,Milwaukee Bucks,100,Box Score,,18027,
Sat Jan 28 2012,7:00 pm,Detroit Pistons,74,Philadelphia 76ers,95,Box Score,,18710,
Sat Jan 28 2012,7:00 pm,Memphis Grizzlies,84,Phoenix Suns,86,Box Score,,14903,
Sat Jan 28 2012,7:00 pm,Sacramento Kings,93,Utah Jazz,96,Box Score,,19911,
Sun Jan 29 2012,6:00 pm,Cleveland Cavaliers,88,Boston Celtics,87,Box Score,,18624,
Sun Jan 29 2012,5:30 pm,San Antonio Spurs,100,Dallas Mavericks,101,Box Score,OT,20262,
Sun Jan 29 2012,6:00 pm,Los Angeles Clippers,109,Denver Nuggets,105,Box Score,,19495,
Sun Jan 29 2012,3:30 pm,Chicago Bulls,93,Miami Heat,97,Box Score,,20054,
Sun Jan 29 2012,6:00 pm,Los Angeles Lakers,106,Minnesota Timberwolves,101,Box Score,,17551,
Sun Jan 29 2012,6:00 pm,Toronto Raptors,94,New Jersey Nets,73,Box Score,,14319,
Sun Jan 29 2012,6:00 pm,Atlanta Hawks,94,New Orleans Hornets,72,Box Score,,14962,
Sun Jan 29 2012,6:00 pm,Indiana Pacers,106,Orlando Magic,85,Box Score,,18846,
Mon Jan 30 2012,7:00 pm,Minnesota Timberwolves,120,Houston Rockets,108,Box Score,,14264,
Mon Jan 30 2012,7:30 pm,Oklahoma City Thunder,100,Los Angeles Clippers,112,Box Score,,19404,
Mon Jan 30 2012,7:00 pm,San Antonio Spurs,83,Memphis Grizzlies,73,Box Score,,15118,
Mon Jan 30 2012,7:30 pm,New Orleans Hornets,95,Miami Heat,109,Box Score,,19804,
Mon Jan 30 2012,7:00 pm,Detroit Pistons,82,Milwaukee Bucks,103,Box Score,,13103,
Mon Jan 30 2012,7:00 pm,Orlando Magic,69,Philadelphia 76ers,74,Box Score,,16299,
Mon Jan 30 2012,7:00 pm,Dallas Mavericks,122,Phoenix Suns,99,Box Score,,13132,
Mon Jan 30 2012,7:00 pm,Portland Trail Blazers,89,Utah Jazz,93,Box Score,,19328,
Mon Jan 30 2012,7:00 pm,Chicago Bulls,98,Washington Wizards,88,Box Score,,18357,
Tue Jan 31 2012,7:00 pm,Boston Celtics,93,Cleveland Cavaliers,90,Box Score,,14798,
Tue Jan 31 2012,7:30 pm,Sacramento Kings,90,Golden State Warriors,93,Box Score,,17753,
Tue Jan 31 2012,7:00 pm,New Jersey Nets,99,Indiana Pacers,106,Box Score,,11408,
Tue Jan 31 2012,7:30 pm,Charlotte Bobcats,73,Los Angeles Lakers,106,Box Score,,18997,
Tue Jan 31 2012,7:00 pm,Denver Nuggets,97,Memphis Grizzlies,100,Box Score,OT,13651,
Tue Jan 31 2012,7:30 pm,Detroit Pistons,86,New York Knicks,113,Box Score,,19763,
Tue Jan 31 2012,7:00 pm,Atlanta Hawks,100,Toronto Raptors,77,Box Score,,16117,
Wed Feb 1 2012,7:30 pm,Toronto Raptors,64,Boston Celtics,100,Box Score,,18624,
Wed Feb 1 2012,7:00 pm,Oklahoma City Thunder,95,Dallas Mavericks,86,Box Score,,20316,
Wed Feb 1 2012,7:00 pm,Miami Heat,97,Milwaukee Bucks,105,Box Score,,16116,
Wed Feb 1 2012,7:00 pm,Indiana Pacers,109,Minnesota Timberwolves,99,Box Score,,15017,
Wed Feb 1 2012,7:30 pm,Detroit Pistons,96,New Jersey Nets,99,Box Score,,10504,
Wed Feb 1 2012,7:00 pm,Phoenix Suns,120,New Orleans Hornets,103,Box Score,,13598,
Wed Feb 1 2012,7:00 pm,Washington Wizards,103,Orlando Magic,109,Box Score,,18846,
Wed Feb 1 2012,7:00 pm,Chicago Bulls,82,Philadelphia 76ers,98,Box Score,,18325,
Wed Feb 1 2012,7:00 pm,Charlotte Bobcats,68,Portland Trail Blazers,112,Box Score,,20608,
Wed Feb 1 2012,7:30 pm,Houston Rockets,91,San Antonio Spurs,99,Box Score,,18581,
Wed Feb 1 2012,8:30 pm,Los Angeles Clippers,107,Utah Jazz,105,Box Score,,19637,
Thu Feb 2 2012,7:30 pm,Memphis Grizzlies,96,Atlanta Hawks,77,Box Score,,14211,
Thu Feb 2 2012,7:30 pm,Utah Jazz,101,Golden State Warriors,119,Box Score,,18123,
Thu Feb 2 2012,7:30 pm,Denver Nuggets,112,Los Angeles Clippers,91,Box Score,,19223,
Thu Feb 2 2012,8:00 pm,Chicago Bulls,105,New York Knicks,102,Box Score,,19763,
Thu Feb 2 2012,7:00 pm,Portland Trail Blazers,92,Sacramento Kings,95,Box Score,,11740,
Thu Feb 2 2012,7:30 pm,New Orleans Hornets,81,San Antonio Spurs,93,Box Score,,18082,
Fri Feb 3 2012,8:00 pm,New York Knicks,89,Boston Celtics,91,Box Score,,18624,
Fri Feb 3 2012,7:30 pm,Indiana Pacers,98,Dallas Mavericks,87,Box Score,,20146,
Fri Feb 3 2012,8:30 pm,Los Angeles Lakers,93,Denver Nuggets,89,Box Score,,19155,
Fri Feb 3 2012,7:30 pm,Milwaukee Bucks,80,Detroit Pistons,88,Box Score,,13181,
Fri Feb 3 2012,7:00 pm,Phoenix Suns,81,Houston Rockets,99,Box Score,,15941,
Fri Feb 3 2012,7:30 pm,Minnesota Timberwolves,108,New Jersey Nets,105,Box Score,,15069,
Fri Feb 3 2012,7:00 pm,Memphis Grizzlies,94,Oklahoma City Thunder,101,Box Score,,18203,
Fri Feb 3 2012,7:00 pm,Cleveland Cavaliers,94,Orlando Magic,102,Box Score,,18933,
Fri Feb 3 2012,7:00 pm,Miami Heat,99,Philadelphia 76ers,79,Box Score,,20694,
Fri Feb 3 2012,7:00 pm,Washington Wizards,89,Toronto Raptors,106,Box Score,,16382,
Sat Feb 4 2012,7:00 pm,Philadelphia 76ers,98,Atlanta Hawks,87,Box Score,,18012,
Sat Feb 4 2012,7:30 pm,Dallas Mavericks,88,Cleveland Cavaliers,91,Box Score,,17443,
Sat Feb 4 2012,7:30 pm,New Orleans Hornets,87,Detroit Pistons,89,Box Score,,13174,
Sat Feb 4 2012,7:00 pm,Orlando Magic,85,Indiana Pacers,81,Box Score,,18165,
Sat Feb 4 2012,7:30 pm,Chicago Bulls,113,Milwaukee Bucks,90,Box Score,,18717,
Sat Feb 4 2012,7:00 pm,Houston Rockets,91,Minnesota Timberwolves,100,Box Score,,19356,
Sat Feb 4 2012,7:30 pm,New Jersey Nets,92,New York Knicks,99,Box Score,,19763,
Sat Feb 4 2012,7:00 pm,Charlotte Bobcats,89,Phoenix Suns,95,Box Score,,14928,
Sat Feb 4 2012,7:00 pm,Denver Nuggets,97,Portland Trail Blazers,117,Box Score,,20583,
Sat Feb 4 2012,7:00 pm,Golden State Warriors,106,Sacramento Kings,114,Box Score,OT,16411,
Sat Feb 4 2012,7:30 pm,Oklahoma City Thunder,96,San Antonio Spurs,107,Box Score,,18581,
Sat Feb 4 2012,7:00 pm,Los Angeles Lakers,87,Utah Jazz,96,Box Score,,19642,
Sat Feb 4 2012,7:00 pm,Los Angeles Clippers,107,Washington Wizards,81,Box Score,,19419,
Sun Feb 5 2012,12:00 pm,Memphis Grizzlies,80,Boston Celtics,98,Box Score,,18624,
Sun Feb 5 2012,1:00 pm,Toronto Raptors,89,Miami Heat,95,Box Score,,19802,
Mon Feb 6 2012,7:30 pm,Phoenix Suns,99,Atlanta Hawks,90,Box Score,,11823,
Mon Feb 6 2012,7:00 pm,Houston Rockets,99,Denver Nuggets,90,Box Score,,14501,
Mon Feb 6 2012,7:00 pm,San Antonio Spurs,89,Memphis Grizzlies,84,Box Score,,13527,
Mon Feb 6 2012,7:30 pm,Chicago Bulls,108,New Jersey Nets,87,Box Score,,15327,
Mon Feb 6 2012,7:00 pm,Sacramento Kings,100,New Orleans Hornets,92,Box Score,,13222,
Mon Feb 6 2012,7:30 pm,Utah Jazz,88,New York Knicks,99,Box Score,,19763,
Mon Feb 6 2012,7:00 pm,Los Angeles Clippers,107,Orlando Magic,102,Box Score,OT,18846,
Mon Feb 6 2012,7:00 pm,Los Angeles Lakers,90,Philadelphia 76ers,95,Box Score,,20064,
Mon Feb 6 2012,7:00 pm,Oklahoma City Thunder,111,Portland Trail Blazers,107,Box Score,OT,20559,
Mon Feb 6 2012,7:00 pm,Toronto Raptors,108,Washington Wizards,111,Box Score,OT,14687,
Tue Feb 7 2012,7:30 pm,Charlotte Bobcats,84,Boston Celtics,94,Box Score,,18624,
Tue Feb 7 2012,7:30 pm,Oklahoma City Thunder,119,Golden State Warriors,116,Box Score,,17971,
Tue Feb 7 2012,7:00 pm,Utah Jazz,99,Indiana Pacers,104,Box Score,,11006,
Tue Feb 7 2012,7:30 pm,Cleveland Cavaliers,91,Miami Heat,107,Box Score,,20078,
Tue Feb 7 2012,7:00 pm,Phoenix Suns,107,Milwaukee Bucks,105,Box Score,,13203,
Tue Feb 7 2012,7:00 pm,Sacramento Kings,84,Minnesota Timberwolves,86,Box Score,,14073,
Wed Feb 8 2012,7:30 pm,Indiana Pacers,87,Atlanta Hawks,97,Box Score,,16288,
Wed Feb 8 2012,7:00 pm,Los Angeles Clippers,92,Cleveland Cavaliers,99,Box Score,,17100,
Wed Feb 8 2012,7:00 pm,Dallas Mavericks,105,Denver Nuggets,95,Box Score,,15970,
Wed Feb 8 2012,7:00 pm,Minnesota Timberwolves,80,Memphis Grizzlies,85,Box Score,,13287,
Wed Feb 8 2012,7:30 pm,Detroit Pistons,99,New Jersey Nets,92,Box Score,,10145,
Wed Feb 8 2012,7:00 pm,Chicago Bulls,90,New Orleans Hornets,67,Box Score,,15456,
Wed Feb 8 2012,7:00 pm,Miami Heat,89,Orlando Magic,102,Box Score,,18972,
Wed Feb 8 2012,7:00 pm,San Antonio Spurs,100,Philadelphia 76ers,90,Box Score,,18070,
Wed Feb 8 2012,7:00 pm,Houston Rockets,103,Portland Trail Blazers,96,Box Score,,20350,
Wed Feb 8 2012,7:00 pm,Milwaukee Bucks,105,Toronto Raptors,99,Box Score,,15291,
Wed Feb 8 2012,7:00 pm,New York Knicks,107,Washington Wizards,93,Box Score,,17376,
Thu Feb 9 2012,8:00 pm,Los Angeles Lakers,88,Boston Celtics,87,Box Score,OT,18624,
Thu Feb 9 2012,7:00 pm,Golden State Warriors,109,Denver Nuggets,101,Box Score,,14960,
Thu Feb 9 2012,7:00 pm,Houston Rockets,96,Phoenix Suns,89,Box Score,,16122,
Thu Feb 9 2012,7:30 pm,Oklahoma City Thunder,101,Sacramento Kings,106,Box Score,,17317,
Fri Feb 10 2012,7:00 pm,Chicago Bulls,95,Charlotte Bobcats,64,Box Score,,19379,
Fri Feb 10 2012,7:30 pm,Milwaukee Bucks,113,Cleveland Cavaliers,112,Box Score,OT,15195,
Fri Feb 10 2012,7:30 pm,New Jersey Nets,92,Detroit Pistons,109,Box Score,,14320,
Fri Feb 10 2012,7:00 pm,Indiana Pacers,92,Memphis Grizzlies,98,Box Score,,16281,
Fri Feb 10 2012,7:00 pm,Dallas Mavericks,104,Minnesota Timberwolves,97,Box Score,,17119,
Fri Feb 10 2012,7:00 pm,Portland Trail Blazers,94,New Orleans Hornets,86,Box Score,,14421,
Fri Feb 10 2012,8:00 pm,Los Angeles Lakers,85,New York Knicks,92,Box Score,,19763,
Fri Feb 10 2012,7:00 pm,Atlanta Hawks,89,Orlando Magic,87,Box Score,OT,18846,
Fri Feb 10 2012,7:00 pm,Los Angeles Clippers,78,Philadelphia 76ers,77,Box Score,,20539,
Fri Feb 10 2012,7:00 pm,Boston Celtics,74,Toronto Raptors,86,Box Score,,19207,
Fri Feb 10 2012,8:30 pm,Oklahoma City Thunder,101,Utah Jazz,87,Box Score,,19911,
Fri Feb 10 2012,7:00 pm,Miami Heat,106,Washington Wizards,89,Box Score,,20282,
Sat Feb 11 2012,7:00 pm,Los Angeles Clippers,111,Charlotte Bobcats,86,Box Score,,19110,
Sat Feb 11 2012,7:30 pm,Philadelphia 76ers,99,Cleveland Cavaliers,84,Box Score,,17155,
Sat Feb 11 2012,7:30 pm,Portland Trail Blazers,94,Dallas Mavericks,97,Box Score,2OT,20457,
Sat Feb 11 2012,7:00 pm,Denver Nuggets,113,Indiana Pacers,109,Box Score,,15313,
Sat Feb 11 2012,8:00 pm,Orlando Magic,99,Milwaukee Bucks,94,Box Score,,17723,
Sat Feb 11 2012,7:00 pm,New York Knicks,100,Minnesota Timberwolves,98,Box Score,,20232,
Sat Feb 11 2012,8:00 pm,San Antonio Spurs,103,New Jersey Nets,89,Box Score,,15272,
Sat Feb 11 2012,7:00 pm,Phoenix Suns,98,Sacramento Kings,84,Box Score,,16964,
Sun Feb 12 2012,7:00 pm,Miami Heat,107,Atlanta Hawks,87,Box Score,,18371,
Sun Feb 12 2012,3:30 pm,Chicago Bulls,91,Boston Celtics,95,Box Score,,18624,
Sun Feb 12 2012,6:00 pm,Washington Wizards,98,Detroit Pistons,77,Box Score,,12654,
Sun Feb 12 2012,6:00 pm,Houston Rockets,97,Golden State Warriors,106,Box Score,,19596,
Sun Feb 12 2012,8:30 pm,Utah Jazz,98,Memphis Grizzlies,88,Box Score,,14424,
Sun Feb 12 2012,1:00 pm,Los Angeles Lakers,94,Toronto Raptors,92,Box Score,,19311,
Mon Feb 13 2012,7:00 pm,Philadelphia 76ers,98,Charlotte Bobcats,89,Box Score,,13773,
Mon Feb 13 2012,7:30 pm,Los Angeles Clippers,92,Dallas Mavericks,96,Box Score,,20436,
Mon Feb 13 2012,7:30 pm,Phoenix Suns,96,Golden State Warriors,102,Box Score,,19106,
Mon Feb 13 2012,7:00 pm,Miami Heat,114,Milwaukee Bucks,96,Box Score,,16749,
Mon Feb 13 2012,7:00 pm,Utah Jazz,80,New Orleans Hornets,86,Box Score,,13562,
Mon Feb 13 2012,7:00 pm,Minnesota Timberwolves,89,Orlando Magic,102,Box Score,,18846,
Tue Feb 14 2012,7:00 pm,Sacramento Kings,115,Chicago Bulls,121,Box Score,,21936,
Tue Feb 14 2012,7:00 pm,Phoenix Suns,92,Denver Nuggets,109,Box Score,,17873,
Tue Feb 14 2012,7:30 pm,San Antonio Spurs,99,Detroit Pistons,95,Box Score,,11533,
Tue Feb 14 2012,7:00 pm,Miami Heat,105,Indiana Pacers,90,Box Score,,18165,
Tue Feb 14 2012,7:30 pm,Atlanta Hawks,78,Los Angeles Lakers,86,Box Score,,18997,
Tue Feb 14 2012,7:00 pm,Houston Rockets,83,Memphis Grizzlies,93,Box Score,,13042,
Tue Feb 14 2012,7:00 pm,Utah Jazz,85,Oklahoma City Thunder,111,Box Score,,18203,
Tue Feb 14 2012,7:00 pm,Washington Wizards,124,Portland Trail Blazers,109,Box Score,,20558,
Tue Feb 14 2012,7:00 pm,New York Knicks,90,Toronto Raptors,87,Box Score,,20092,
Wed Feb 15 2012,7:30 pm,Detroit Pistons,98,Boston Celtics,88,Box Score,,18624,
Wed Feb 15 2012,7:30 pm,Indiana Pacers,87,Cleveland Cavaliers,98,Box Score,,12712,
Wed Feb 15 2012,7:30 pm,Denver Nuggets,84,Dallas Mavericks,102,Box Score,,20075,
Wed Feb 15 2012,7:00 pm,Portland Trail Blazers,93,Golden State Warriors,91,Box Score,,17934,
Wed Feb 15 2012,7:00 pm,Oklahoma City Thunder,95,Houston Rockets,96,Box Score,,18274,
Wed Feb 15 2012,7:30 pm,Washington Wizards,84,Los Angeles Clippers,102,Box Score,,19135,
Wed Feb 15 2012,7:00 pm,New Orleans Hornets,92,Milwaukee Bucks,89,Box Score,,12829,
Wed Feb 15 2012,7:00 pm,Charlotte Bobcats,90,Minnesota Timberwolves,102,Box Score,,15139,
Wed Feb 15 2012,7:30 pm,Memphis Grizzlies,105,New Jersey Nets,100,Box Score,,10885,
Wed Feb 15 2012,7:30 pm,Sacramento Kings,85,New York Knicks,100,Box Score,,19763,
Wed Feb 15 2012,7:00 pm,Philadelphia 76ers,87,Orlando Magic,103,Box Score,,18846,
Wed Feb 15 2012,7:00 pm,Atlanta Hawks,101,Phoenix Suns,99,Box Score,,15392,
Wed Feb 15 2012,7:00 pm,San Antonio Spurs,113,Toronto Raptors,106,Box Score,,15999,
Thu Feb 16 2012,7:00 pm,Boston Celtics,80,Chicago Bulls,89,Box Score,,22592,
Thu Feb 16 2012,7:00 pm,New Jersey Nets,88,Indiana Pacers,93,Box Score,,11117,
Thu Feb 16 2012,7:30 pm,Los Angeles Clippers,74,Portland Trail Blazers,71,Box Score,,20665,
Fri Feb 17 2012,7:30 pm,Miami Heat,111,Cleveland Cavaliers,87,Box Score,,20562,
Fri Feb 17 2012,7:30 pm,Sacramento Kings,108,Detroit Pistons,114,Box Score,,14686,
Fri Feb 17 2012,7:00 pm,Minnesota Timberwolves,111,Houston Rockets,98,Box Score,,16836,
Fri Feb 17 2012,7:30 pm,Phoenix Suns,99,Los Angeles Lakers,111,Box Score,,18997,
Fri Feb 17 2012,7:00 pm,Denver Nuggets,102,Memphis Grizzlies,103,Box Score,,15201,
Fri Feb 17 2012,8:00 pm,New Orleans Hornets,89,New York Knicks,85,Box Score,,19763,
Fri Feb 17 2012,7:00 pm,Golden State Warriors,87,Oklahoma City Thunder,110,Box Score,,18203,
Fri Feb 17 2012,7:00 pm,Milwaukee Bucks,85,Orlando Magic,94,Box Score,,18846,
Fri Feb 17 2012,8:00 pm,Dallas Mavericks,82,Philadelphia 76ers,75,Box Score,,19369,
Fri Feb 17 2012,7:00 pm,Charlotte Bobcats,98,Toronto Raptors,91,Box Score,,15575,
Fri Feb 17 2012,7:00 pm,Washington Wizards,100,Utah Jazz,114,Box Score,,18719,
Sat Feb 18 2012,3:00 pm,New Jersey Nets,97,Chicago Bulls,85,Box Score,,22300,
Sat Feb 18 2012,12:30 pm,San Antonio Spurs,103,Los Angeles Clippers,100,Box Score,OT,19217,
Sat Feb 18 2012,7:00 pm,Golden State Warriors,103,Memphis Grizzlies,104,Box Score,,17151,
Sat Feb 18 2012,7:00 pm,Atlanta Hawks,77,Portland Trail Blazers,97,Box Score,,20635,
Sun Feb 19 2012,6:00 pm,Sacramento Kings,92,Cleveland Cavaliers,93,Box Score,,16812,
Sun Feb 19 2012,6:00 pm,Boston Celtics,81,Detroit Pistons,96,Box Score,,22076,
Sun Feb 19 2012,6:00 pm,Utah Jazz,85,Houston Rockets,101,Box Score,,16764,
Sun Feb 19 2012,6:00 pm,Charlotte Bobcats,73,Indiana Pacers,108,Box Score,,11673,
Sun Feb 19 2012,3:30 pm,Orlando Magic,78,Miami Heat,90,Box Score,,20185,
Sun Feb 19 2012,6:00 pm,Philadelphia 76ers,91,Minnesota Timberwolves,92,Box Score,,18759,
Sun Feb 19 2012,7:00 pm,Milwaukee Bucks,92,New Jersey Nets,85,Box Score,,15262,
Sun Feb 19 2012,1:00 pm,Dallas Mavericks,97,New York Knicks,104,Box Score,,19763,
Sun Feb 19 2012,7:00 pm,Denver Nuggets,118,Oklahoma City Thunder,124,Box Score,OT,18203,
Sun Feb 19 2012,6:00 pm,Los Angeles Lakers,90,Phoenix Suns,102,Box Score,,18023,
Mon Feb 20 2012,3:00 pm,Atlanta Hawks,79,Chicago Bulls,90,Box Score,,22033,
Mon Feb 20 2012,7:00 pm,Boston Celtics,73,Dallas Mavericks,89,Box Score,,20364,
Mon Feb 20 2012,7:00 pm,Minnesota Timberwolves,101,Denver Nuggets,103,Box Score,OT,17263,
Mon Feb 20 2012,7:30 pm,Los Angeles Clippers,97,Golden State Warriors,104,Box Score,,19596,
Mon Feb 20 2012,7:00 pm,Memphis Grizzlies,93,Houston Rockets,97,Box Score,,12525,
Mon Feb 20 2012,7:30 pm,Portland Trail Blazers,92,Los Angeles Lakers,103,Box Score,,18997,
Mon Feb 20 2012,7:00 pm,Orlando Magic,93,Milwaukee Bucks,90,Box Score,,13143,
Mon Feb 20 2012,7:30 pm,New Jersey Nets,100,New York Knicks,92,Box Score,,19763,
Mon Feb 20 2012,7:00 pm,New Orleans Hornets,93,Oklahoma City Thunder,101,Box Score,,18203,
Mon Feb 20 2012,7:00 pm,Washington Wizards,88,Phoenix Suns,104,Box Score,,13921,
Mon Feb 20 2012,7:00 pm,San Antonio Spurs,106,Utah Jazz,102,Box Score,,19105,
Tue Feb 21 2012,7:00 pm,Detroit Pistons,100,Cleveland Cavaliers,101,Box Score,,13459,
Tue Feb 21 2012,7:00 pm,New Orleans Hornets,108,Indiana Pacers,117,Box Score,OT,10508,
Tue Feb 21 2012,7:00 pm,Philadelphia 76ers,76,Memphis Grizzlies,89,Box Score,,14258,
Tue Feb 21 2012,7:30 pm,Sacramento Kings,108,Miami Heat,120,Box Score,,20068,
Tue Feb 21 2012,7:00 pm,San Antonio Spurs,97,Portland Trail Blazers,137,Box Score,,20567,
Wed Feb 22 2012,7:00 pm,Indiana Pacers,102,Charlotte Bobcats,88,Box Score,,13458,
Wed Feb 22 2012,7:00 pm,Milwaukee Bucks,91,Chicago Bulls,110,Box Score,,21507,
Wed Feb 22 2012,7:00 pm,New Orleans Hornets,89,Cleveland Cavaliers,84,Box Score,,13529,
Wed Feb 22 2012,8:30 pm,Los Angeles Lakers,96,Dallas Mavericks,91,Box Score,,20577,
Wed Feb 22 2012,7:00 pm,Philadelphia 76ers,87,Houston Rockets,93,Box Score,,12820,
Wed Feb 22 2012,7:30 pm,Denver Nuggets,95,Los Angeles Clippers,103,Box Score,,19163,
Wed Feb 22 2012,7:00 pm,Utah Jazz,98,Minnesota Timberwolves,100,Box Score,,18776,
Wed Feb 22 2012,7:30 pm,Orlando Magic,108,New Jersey Nets,91,Box Score,,15364,
Wed Feb 22 2012,7:30 pm,Atlanta Hawks,82,New York Knicks,99,Box Score,,19763,
Wed Feb 22 2012,6:00 pm,Boston Celtics,104,Oklahoma City Thunder,119,Box Score,,18203,
Wed Feb 22 2012,7:00 pm,Golden State Warriors,106,Phoenix Suns,104,Box Score,,14558,
Wed Feb 22 2012,7:00 pm,Detroit Pistons,93,Toronto Raptors,103,Box Score,,17125,
Wed Feb 22 2012,7:00 pm,Sacramento Kings,115,Washington Wizards,107,Box Score,,17085,
Thu Feb 23 2012,7:30 pm,Orlando Magic,78,Atlanta Hawks,83,Box Score,,14523,
Thu Feb 23 2012,7:00 pm,San Antonio Spurs,114,Denver Nuggets,99,Box Score,,18875,
Thu Feb 23 2012,7:00 pm,New York Knicks,88,Miami Heat,102,Box Score,,20197,
Thu Feb 23 2012,8:30 pm,Los Angeles Lakers,85,Oklahoma City Thunder,100,Box Score,,18203,
Tue Feb 28 2012,7:00 pm,New Orleans Hornets,95,Chicago Bulls,99,Box Score,,21919,
Tue Feb 28 2012,7:00 pm,Boston Celtics,86,Cleveland Cavaliers,83,Box Score,,15971,
Tue Feb 28 2012,7:30 pm,New Jersey Nets,93,Dallas Mavericks,92,Box Score,,20170,
Tue Feb 28 2012,7:30 pm,Philadelphia 76ers,97,Detroit Pistons,68,Box Score,,11916,
Tue Feb 28 2012,7:00 pm,Toronto Raptors,85,Houston Rockets,88,Box Score,,13337,
Tue Feb 28 2012,7:00 pm,Golden State Warriors,78,Indiana Pacers,102,Box Score,,12111,
Tue Feb 28 2012,7:30 pm,Minnesota Timberwolves,109,Los Angeles Clippers,97,Box Score,,19243,
Tue Feb 28 2012,7:00 pm,Washington Wizards,118,Milwaukee Bucks,119,Box Score,,13548,
Tue Feb 28 2012,7:00 pm,Utah Jazz,96,Sacramento Kings,103,Box Score,,13896,
Wed Feb 29 2012,7:30 pm,Golden State Warriors,85,Atlanta Hawks,82,Box Score,,13049,
Wed Feb 29 2012,7:30 pm,Milwaukee Bucks,96,Boston Celtics,102,Box Score,,18624,
Wed Feb 29 2012,7:00 pm,Portland Trail Blazers,95,Denver Nuggets,104,Box Score,,15715,
Wed Feb 29 2012,7:30 pm,Charlotte Bobcats,94,Detroit Pistons,109,Box Score,,14534,
Wed Feb 29 2012,7:30 pm,Minnesota Timberwolves,85,Los Angeles Lakers,104,Box Score,,18997,
Wed Feb 29 2012,7:00 pm,Dallas Mavericks,85,Memphis Grizzlies,96,Box Score,,17023,
Wed Feb 29 2012,7:00 pm,Toronto Raptors,95,New Orleans Hornets,84,Box Score,,14527,
Wed Feb 29 2012,7:30 pm,Cleveland Cavaliers,103,New York Knicks,120,Box Score,,19763,
Wed Feb 29 2012,7:00 pm,Oklahoma City Thunder,92,Philadelphia 76ers,88,Box Score,,19746,
Wed Feb 29 2012,8:00 pm,Chicago Bulls,96,San Antonio Spurs,89,Box Score,,18581,
Wed Feb 29 2012,7:00 pm,Houston Rockets,83,Utah Jazz,104,Box Score,,18816,
Wed Feb 29 2012,7:00 pm,Orlando Magic,102,Washington Wizards,95,Box Score,,18688,
Thu Mar 1 2012,8:00 pm,Oklahoma City Thunder,105,Orlando Magic,102,Box Score,,18846,
Thu Mar 1 2012,7:00 pm,Minnesota Timberwolves,95,Phoenix Suns,104,Box Score,,15071,
Thu Mar 1 2012,7:30 pm,Miami Heat,107,Portland Trail Blazers,93,Box Score,,20597,
Thu Mar 1 2012,7:00 pm,Los Angeles Clippers,108,Sacramento Kings,100,Box Score,,15512,
Fri Mar 2 2012,7:30 pm,Milwaukee Bucks,94,Atlanta Hawks,99,Box Score,,13311,
Fri Mar 2 2012,7:30 pm,New Jersey Nets,94,Boston Celtics,107,Box Score,,18624,
Fri Mar 2 2012,7:30 pm,Chicago Bulls,112,Cleveland Cavaliers,91,Box Score,,20562,
Fri Mar 2 2012,7:00 pm,Denver Nuggets,117,Houston Rockets,105,Box Score,,16879,
Fri Mar 2 2012,7:30 pm,Sacramento Kings,107,Los Angeles Lakers,115,Box Score,,18997,
Fri Mar 2 2012,7:00 pm,Dallas Mavericks,92,New Orleans Hornets,97,Box Score,,15568,
Fri Mar 2 2012,8:00 pm,Golden State Warriors,83,Philadelphia 76ers,105,Box Score,,18323,
Fri Mar 2 2012,8:30 pm,Los Angeles Clippers,78,Phoenix Suns,81,Box Score,,18091,
Fri Mar 2 2012,7:30 pm,Charlotte Bobcats,72,San Antonio Spurs,102,Box Score,,18581,
Fri Mar 2 2012,7:00 pm,Memphis Grizzlies,102,Toronto Raptors,99,Box Score,,17168,
Fri Mar 2 2012,7:00 pm,Miami Heat,98,Utah Jazz,99,Box Score,,19911,
Sat Mar 3 2012,7:00 pm,Oklahoma City Thunder,90,Atlanta Hawks,97,Box Score,,18087,
Sat Mar 3 2012,7:30 pm,Utah Jazz,96,Dallas Mavericks,102,Box Score,,20560,
Sat Mar 3 2012,7:00 pm,Detroit Pistons,83,Memphis Grizzlies,100,Box Score,,17569,
Sat Mar 3 2012,7:00 pm,Indiana Pacers,102,New Orleans Hornets,84,Box Score,,16379,
Sat Mar 3 2012,7:00 pm,Milwaukee Bucks,98,Orlando Magic,114,Box Score,,18846,
Sat Mar 3 2012,7:00 pm,Minnesota Timberwolves,122,Portland Trail Blazers,110,Box Score,,20644,
Sat Mar 3 2012,7:00 pm,Cleveland Cavaliers,98,Washington Wizards,101,Box Score,,17759,
Sun Mar 4 2012,1:00 pm,New York Knicks,111,Boston Celtics,115,Box Score,OT,18624,
Sun Mar 4 2012,6:00 pm,New Jersey Nets,104,Charlotte Bobcats,101,Box Score,,13564,
Sun Mar 4 2012,6:00 pm,Los Angeles Clippers,105,Houston Rockets,103,Box Score,OT,16646,
Sun Mar 4 2012,12:30 pm,Miami Heat,83,Los Angeles Lakers,93,Box Score,,18997,
Sun Mar 4 2012,7:00 pm,Chicago Bulls,96,Philadelphia 76ers,91,Box Score,,19683,
Sun Mar 4 2012,6:00 pm,Sacramento Kings,88,Phoenix Suns,96,Box Score,,15026,
Sun Mar 4 2012,8:30 pm,Denver Nuggets,99,San Antonio Spurs,94,Box Score,,18581,
Sun Mar 4 2012,6:00 pm,Golden State Warriors,75,Toronto Raptors,83,Box Score,,18056,
Mon Mar 5 2012,7:00 pm,Indiana Pacers,72,Chicago Bulls,92,Box Score,,22106,
Mon Mar 5 2012,7:00 pm,Utah Jazz,109,Cleveland Cavaliers,100,Box Score,,13190,
Mon Mar 5 2012,7:00 pm,Sacramento Kings,116,Denver Nuggets,119,Box Score,OT,14823,
Mon Mar 5 2012,7:00 pm,Philadelphia 76ers,93,Milwaukee Bucks,97,Box Score,,12315,
Mon Mar 5 2012,7:00 pm,Los Angeles Clippers,94,Minnesota Timberwolves,95,Box Score,,19509,
Mon Mar 5 2012,7:00 pm,Dallas Mavericks,91,Oklahoma City Thunder,95,Box Score,,18203,
Mon Mar 5 2012,7:00 pm,New Orleans Hornets,74,Portland Trail Blazers,86,Box Score,,20520,
Mon Mar 5 2012,7:00 pm,Orlando Magic,92,Toronto Raptors,88,Box Score,,15392,
Mon Mar 5 2012,7:00 pm,Golden State Warriors,120,Washington Wizards,100,Box Score,,17843,
Tue Mar 6 2012,7:30 pm,Houston Rockets,92,Boston Celtics,97,Box Score,OT,18624,
Tue Mar 6 2012,7:00 pm,Orlando Magic,84,Charlotte Bobcats,100,Box Score,,13110,
Tue Mar 6 2012,7:30 pm,New York Knicks,85,Dallas Mavericks,95,Box Score,,20605,
Tue Mar 6 2012,7:30 pm,Los Angeles Lakers,85,Detroit Pistons,88,Box Score,OT,22076,
Tue Mar 6 2012,7:00 pm,Atlanta Hawks,101,Indiana Pacers,96,Box Score,,11393,
Tue Mar 6 2012,7:30 pm,New Jersey Nets,78,Miami Heat,108,Box Score,,19600,
Wed Mar 7 2012,7:00 pm,Utah Jazz,99,Charlotte Bobcats,93,Box Score,,10891,
Wed Mar 7 2012,7:00 pm,Cleveland Cavaliers,100,Denver Nuggets,99,Box Score,,15816,
Wed Mar 7 2012,7:30 pm,Memphis Grizzlies,110,Golden State Warriors,92,Box Score,,19171,
Wed Mar 7 2012,7:30 pm,Atlanta Hawks,86,Miami Heat,89,Box Score,,20018,
Wed Mar 7 2012,7:00 pm,Chicago Bulls,106,Milwaukee Bucks,104,Box Score,,15389,
Wed Mar 7 2012,7:00 pm,Portland Trail Blazers,94,Minnesota Timberwolves,106,Box Score,,17118,
Wed Mar 7 2012,8:00 pm,Los Angeles Clippers,100,New Jersey Nets,101,Box Score,,18711,
Wed Mar 7 2012,7:00 pm,Phoenix Suns,104,Oklahoma City Thunder,115,Box Score,,18203,
Wed Mar 7 2012,7:00 pm,Boston Celtics,71,Philadelphia 76ers,103,Box Score,,18508,
Wed Mar 7 2012,7:00 pm,New Orleans Hornets,98,Sacramento Kings,99,Box Score,,13487,
Wed Mar 7 2012,7:30 pm,New York Knicks,105,San Antonio Spurs,118,Box Score,,18581,
Wed Mar 7 2012,7:00 pm,Houston Rockets,98,Toronto Raptors,116,Box Score,,14597,
Wed Mar 7 2012,7:00 pm,Los Angeles Lakers,101,Washington Wizards,106,Box Score,,20282,
Thu Mar 8 2012,7:00 pm,Orlando Magic,99,Chicago Bulls,94,Box Score,,22127,
Thu Mar 8 2012,8:30 pm,Dallas Mavericks,94,Phoenix Suns,96,Box Score,,15498,
Fri Mar 9 2012,7:30 pm,Portland Trail Blazers,86,Boston Celtics,104,Box Score,,18624,
Fri Mar 9 2012,7:00 pm,New Jersey Nets,83,Charlotte Bobcats,74,Box Score,,14672,
Fri Mar 9 2012,7:00 pm,New Orleans Hornets,97,Denver Nuggets,110,Box Score,,19155,
Fri Mar 9 2012,7:30 pm,Atlanta Hawks,85,Detroit Pistons,86,Box Score,,15503,
Fri Mar 9 2012,7:30 pm,New York Knicks,114,Milwaukee Bucks,119,Box Score,,18717,
Fri Mar 9 2012,7:00 pm,Los Angeles Lakers,105,Minnesota Timberwolves,102,Box Score,,20164,
Fri Mar 9 2012,7:00 pm,Cleveland Cavaliers,96,Oklahoma City Thunder,90,Box Score,,18203,
Fri Mar 9 2012,7:00 pm,Utah Jazz,91,Philadelphia 76ers,104,Box Score,,18512,
Fri Mar 9 2012,7:00 pm,Dallas Mavericks,97,Sacramento Kings,110,Box Score,,16857,
Fri Mar 9 2012,7:30 pm,Los Angeles Clippers,120,San Antonio Spurs,108,Box Score,,18581,
Sat Mar 10 2012,7:00 pm,Utah Jazz,97,Chicago Bulls,111,Box Score,,22158,
Sat Mar 10 2012,7:30 pm,Toronto Raptors,86,Detroit Pistons,105,Box Score,,16090,
Sat Mar 10 2012,7:30 pm,Dallas Mavericks,87,Golden State Warriors,111,Box Score,,19596,
Sat Mar 10 2012,7:30 pm,Indiana Pacers,91,Miami Heat,93,Box Score,OT,20154,
Sat Mar 10 2012,7:00 pm,New Orleans Hornets,95,Minnesota Timberwolves,89,Box Score,,20123,
Sat Mar 10 2012,8:00 pm,Houston Rockets,112,New Jersey Nets,106,Box Score,,14834,
Sat Mar 10 2012,7:00 pm,Charlotte Bobcats,95,Oklahoma City Thunder,122,Box Score,,18203,
Sat Mar 10 2012,7:00 pm,Memphis Grizzlies,91,Phoenix Suns,98,Box Score,,16350,
Sat Mar 10 2012,7:00 pm,Portland Trail Blazers,110,Washington Wizards,99,Box Score,,18071,
Sun Mar 11 2012,6:00 pm,Houston Rockets,107,Cleveland Cavaliers,118,Box Score,,17662,
Sun Mar 11 2012,6:00 pm,Memphis Grizzlies,94,Denver Nuggets,91,Box Score,,17737,
Sun Mar 11 2012,6:30 pm,Golden State Warriors,97,Los Angeles Clippers,93,Box Score,,19183,
Sun Mar 11 2012,12:30 pm,Boston Celtics,94,Los Angeles Lakers,97,Box Score,,18997,
Sun Mar 11 2012,12:00 pm,Philadelphia 76ers,106,New York Knicks,94,Box Score,,19763,
Sun Mar 11 2012,6:00 pm,Indiana Pacers,94,Orlando Magic,107,Box Score,,18846,
Sun Mar 11 2012,6:00 pm,Atlanta Hawks,106,Sacramento Kings,99,Box Score,,13976,
Sun Mar 11 2012,6:00 pm,Milwaukee Bucks,105,Toronto Raptors,99,Box Score,,17316,
Mon Mar 12 2012,7:00 pm,New York Knicks,99,Chicago Bulls,104,Box Score,,22863,
Mon Mar 12 2012,7:30 pm,Boston Celtics,94,Los Angeles Clippers,85,Box Score,,19464,
Mon Mar 12 2012,7:30 pm,Milwaukee Bucks,105,New Jersey Nets,99,Box Score,,12930,
Mon Mar 12 2012,7:00 pm,Charlotte Bobcats,73,New Orleans Hornets,71,Box Score,,15254,
Mon Mar 12 2012,7:00 pm,Minnesota Timberwolves,127,Phoenix Suns,124,Box Score,,14568,
Mon Mar 12 2012,7:30 pm,Washington Wizards,97,San Antonio Spurs,112,Box Score,,18581,
Mon Mar 12 2012,7:00 pm,Detroit Pistons,90,Utah Jazz,105,Box Score,,19393,
Tue Mar 13 2012,7:00 pm,Toronto Raptors,96,Cleveland Cavaliers,88,Box Score,,14203,
Tue Mar 13 2012,7:30 pm,Washington Wizards,98,Dallas Mavericks,107,Box Score,,20319,
Tue Mar 13 2012,7:00 pm,Atlanta Hawks,117,Denver Nuggets,118,Box Score,OT,15594,
Tue Mar 13 2012,7:00 pm,Portland Trail Blazers,75,Indiana Pacers,92,Box Score,,10933,
Tue Mar 13 2012,7:00 pm,Los Angeles Lakers,116,Memphis Grizzlies,111,Box Score,2OT,18119,
Tue Mar 13 2012,7:00 pm,Houston Rockets,104,Oklahoma City Thunder,103,Box Score,,18203,
Tue Mar 13 2012,7:00 pm,Miami Heat,98,Orlando Magic,104,Box Score,OT,18879,
Tue Mar 13 2012,7:00 pm,Golden State Warriors,115,Sacramento Kings,89,Box Score,,12011,
Wed Mar 14 2012,8:30 pm,Miami Heat,102,Chicago Bulls,106,Box Score,,23028,
Wed Mar 14 2012,7:30 pm,Boston Celtics,105,Golden State Warriors,103,Box Score,,19596,
Wed Mar 14 2012,7:00 pm,Charlotte Bobcats,87,Houston Rockets,107,Box Score,,18128,
Wed Mar 14 2012,7:00 pm,Philadelphia 76ers,94,Indiana Pacers,111,Box Score,,13081,
Wed Mar 14 2012,7:30 pm,Atlanta Hawks,82,Los Angeles Clippers,96,Box Score,,19060,
Wed Mar 14 2012,7:00 pm,Cleveland Cavaliers,105,Milwaukee Bucks,115,Box Score,,15319,
Wed Mar 14 2012,7:30 pm,Toronto Raptors,84,New Jersey Nets,98,Box Score,,10701,
Wed Mar 14 2012,7:00 pm,Los Angeles Lakers,107,New Orleans Hornets,101,Box Score,OT,17272,
Wed Mar 14 2012,7:30 pm,Portland Trail Blazers,79,New York Knicks,121,Box Score,,19763,
Wed Mar 14 2012,7:30 pm,Utah Jazz,111,Phoenix Suns,120,Box Score,,14076,
Wed Mar 14 2012,7:00 pm,Detroit Pistons,124,Sacramento Kings,112,Box Score,,12173,
Wed Mar 14 2012,7:30 pm,Orlando Magic,111,San Antonio Spurs,122,Box Score,,18581,
Thu Mar 15 2012,7:30 pm,Charlotte Bobcats,96,Dallas Mavericks,101,Box Score,,20507,
Thu Mar 15 2012,7:00 pm,Oklahoma City Thunder,103,Denver Nuggets,90,Box Score,,18458,
Thu Mar 15 2012,7:30 pm,Phoenix Suns,91,Los Angeles Clippers,87,Box Score,,19060,
Thu Mar 15 2012,7:00 pm,Washington Wizards,99,New Orleans Hornets,89,Box Score,,14256,
Thu Mar 15 2012,7:00 pm,Minnesota Timberwolves,105,Utah Jazz,111,Box Score,OT,18053,
Fri Mar 16 2012,7:30 pm,Washington Wizards,88,Atlanta Hawks,102,Box Score,,15241,
Fri Mar 16 2012,7:00 pm,Portland Trail Blazers,100,Chicago Bulls,89,Box Score,,22022,
Fri Mar 16 2012,7:30 pm,Milwaukee Bucks,120,Golden State Warriors,98,Box Score,,19596,
Fri Mar 16 2012,7:30 pm,Minnesota Timberwolves,92,Los Angeles Lakers,97,Box Score,,18997,
Fri Mar 16 2012,7:00 pm,Toronto Raptors,114,Memphis Grizzlies,110,Box Score,OT,17239,
Fri Mar 16 2012,7:30 pm,Indiana Pacers,100,New York Knicks,115,Box Score,,19763,
Fri Mar 16 2012,8:30 pm,San Antonio Spurs,114,Oklahoma City Thunder,105,Box Score,,18203,
Fri Mar 16 2012,7:00 pm,New Jersey Nets,70,Orlando Magic,86,Box Score,,18938,
Fri Mar 16 2012,7:00 pm,Miami Heat,84,Philadelphia 76ers,78,Box Score,,20396,
Fri Mar 16 2012,7:00 pm,Detroit Pistons,101,Phoenix Suns,109,Box Score,,17148,
Fri Mar 16 2012,7:00 pm,Boston Celtics,95,Sacramento Kings,120,Box Score,,17317,
Sat Mar 17 2012,7:00 pm,Toronto Raptors,103,Charlotte Bobcats,107,Box Score,,15108,
Sat Mar 17 2012,7:00 pm,Philadelphia 76ers,80,Chicago Bulls,89,Box Score,,22225,
Sat Mar 17 2012,8:00 pm,San Antonio Spurs,99,Dallas Mavericks,106,Box Score,,20528,
Sat Mar 17 2012,7:00 pm,Boston Celtics,91,Denver Nuggets,98,Box Score,,19003,
Sat Mar 17 2012,7:00 pm,New York Knicks,102,Indiana Pacers,88,Box Score,,18165,
Sat Mar 17 2012,12:30 pm,Houston Rockets,91,Los Angeles Clippers,95,Box Score,,19060,
Sat Mar 17 2012,8:00 pm,New Orleans Hornets,102,New Jersey Nets,94,Box Score,,11271,
Sat Mar 17 2012,7:00 pm,Golden State Warriors,92,Utah Jazz,99,Box Score,OT,17854,
Sun Mar 18 2012,3:00 pm,Atlanta Hawks,103,Cleveland Cavaliers,87,Box Score,,15645,
Sun Mar 18 2012,12:30 pm,Detroit Pistons,83,Los Angeles Clippers,87,Box Score,OT,19060,
Sun Mar 18 2012,6:30 pm,Utah Jazz,103,Los Angeles Lakers,99,Box Score,,18997,
Sun Mar 18 2012,5:00 pm,Washington Wizards,92,Memphis Grizzlies,97,Box Score,,15412,
Sun Mar 18 2012,7:00 pm,Orlando Magic,81,Miami Heat,91,Box Score,,20003,
Sun Mar 18 2012,8:30 pm,Portland Trail Blazers,95,Oklahoma City Thunder,111,Box Score,,18203,
Sun Mar 18 2012,6:00 pm,Houston Rockets,86,Phoenix Suns,99,Box Score,,15645,
Sun Mar 18 2012,3:00 pm,Minnesota Timberwolves,99,Sacramento Kings,115,Box Score,,15616,
Mon Mar 19 2012,7:30 pm,Boston Celtics,79,Atlanta Hawks,76,Box Score,,16412,
Mon Mar 19 2012,7:00 pm,Philadelphia 76ers,105,Charlotte Bobcats,80,Box Score,,12792,
Mon Mar 19 2012,8:30 pm,Dallas Mavericks,112,Denver Nuggets,95,Box Score,,16683,
Mon Mar 19 2012,7:30 pm,Minnesota Timberwolves,97,Golden State Warriors,93,Box Score,,19596,
Mon Mar 19 2012,7:30 pm,Cleveland Cavaliers,105,New Jersey Nets,100,Box Score,,11254,
Mon Mar 19 2012,8:00 pm,Chicago Bulls,85,Orlando Magic,59,Box Score,,18998,
Tue Mar 20 2012,7:00 pm,Los Angeles Lakers,104,Houston Rockets,107,Box Score,,18391,
Tue Mar 20 2012,7:00 pm,Los Angeles Clippers,89,Indiana Pacers,102,Box Score,,14901,
Tue Mar 20 2012,7:30 pm,Phoenix Suns,95,Miami Heat,99,Box Score,,20212,
Tue Mar 20 2012,7:30 pm,Toronto Raptors,87,New York Knicks,106,Box Score,,19763,
Tue Mar 20 2012,7:00 pm,Milwaukee Bucks,116,Portland Trail Blazers,87,Box Score,,20387,
Tue Mar 20 2012,7:00 pm,Memphis Grizzlies,110,Sacramento Kings,119,Box Score,,11105,
Tue Mar 20 2012,7:00 pm,Oklahoma City Thunder,90,Utah Jazz,97,Box Score,,18138,
Wed Mar 21 2012,7:30 pm,Cleveland Cavaliers,102,Atlanta Hawks,103,Box Score,OT,12331,
Wed Mar 21 2012,8:30 pm,Los Angeles Lakers,109,Dallas Mavericks,93,Box Score,,20664,
Wed Mar 21 2012,7:00 pm,Detroit Pistons,115,Denver Nuggets,116,Box Score,,16681,
Wed Mar 21 2012,7:30 pm,Washington Wizards,108,New Jersey Nets,89,Box Score,,10097,
Wed Mar 21 2012,7:00 pm,Golden State Warriors,101,New Orleans Hornets,92,Box Score,,13959,
Wed Mar 21 2012,7:00 pm,Los Angeles Clippers,91,Oklahoma City Thunder,114,Box Score,,18203,
Wed Mar 21 2012,7:00 pm,Phoenix Suns,93,Orlando Magic,103,Box Score,,18930,
Wed Mar 21 2012,7:00 pm,New York Knicks,82,Philadelphia 76ers,79,Box Score,,20470,
Wed Mar 21 2012,7:30 pm,Minnesota Timberwolves,100,San Antonio Spurs,116,Box Score,,18581,
Wed Mar 21 2012,7:00 pm,Chicago Bulls,94,Toronto Raptors,82,Box Score,,17869,
Thu Mar 22 2012,7:00 pm,Golden State Warriors,83,Houston Rockets,109,Box Score,,15325,
Thu Mar 22 2012,7:00 pm,Boston Celtics,100,Milwaukee Bucks,91,Box Score,,15171,
Thu Mar 22 2012,7:00 pm,Los Angeles Clippers,90,New Orleans Hornets,97,Box Score,,17209,
Thu Mar 22 2012,7:00 pm,Memphis Grizzlies,93,Portland Trail Blazers,97,Box Score,,20636,
Thu Mar 22 2012,7:00 pm,Utah Jazz,103,Sacramento Kings,102,Box Score,,11646,
Thu Mar 22 2012,7:00 pm,Indiana Pacers,85,Washington Wizards,83,Box Score,,15874,
Fri Mar 23 2012,7:30 pm,New Jersey Nets,84,Atlanta Hawks,93,Box Score,,14129,
Fri Mar 23 2012,7:00 pm,Milwaukee Bucks,112,Charlotte Bobcats,92,Box Score,,13729,
Fri Mar 23 2012,7:30 pm,Miami Heat,88,Detroit Pistons,73,Box Score,,22076,
Fri Mar 23 2012,7:00 pm,Phoenix Suns,113,Indiana Pacers,111,Box Score,,14786,
Fri Mar 23 2012,7:30 pm,Portland Trail Blazers,96,Los Angeles Lakers,103,Box Score,,18997,
Fri Mar 23 2012,7:00 pm,Minnesota Timberwolves,140,Oklahoma City Thunder,149,Box Score,2OT,18203,
Fri Mar 23 2012,7:00 pm,Cleveland Cavaliers,80,Orlando Magic,93,Box Score,,18846,
Fri Mar 23 2012,8:00 pm,Boston Celtics,86,Philadelphia 76ers,99,Box Score,,19583,
Fri Mar 23 2012,7:30 pm,Dallas Mavericks,87,San Antonio Spurs,104,Box Score,,18581,
Fri Mar 23 2012,7:00 pm,New York Knicks,79,Toronto Raptors,96,Box Score,,19800,
Fri Mar 23 2012,8:30 pm,Denver Nuggets,102,Utah Jazz,121,Box Score,,19250,
Sat Mar 24 2012,7:00 pm,Toronto Raptors,101,Chicago Bulls,102,Box Score,OT,21841,
Sat Mar 24 2012,7:30 pm,Sacramento Kings,108,Golden State Warriors,111,Box Score,,19596,
Sat Mar 24 2012,7:00 pm,Dallas Mavericks,101,Houston Rockets,99,Box Score,OT,18193,
Sat Mar 24 2012,12:00 pm,Memphis Grizzlies,85,Los Angeles Clippers,101,Box Score,,19060,
Sat Mar 24 2012,7:30 pm,Indiana Pacers,125,Milwaukee Bucks,104,Box Score,,16207,
Sat Mar 24 2012,7:30 pm,Charlotte Bobcats,89,New Jersey Nets,102,Box Score,,13297,
Sat Mar 24 2012,7:00 pm,San Antonio Spurs,89,New Orleans Hornets,86,Box Score,,16118,
Sat Mar 24 2012,7:30 pm,Detroit Pistons,79,New York Knicks,101,Box Score,,19763,
Sat Mar 24 2012,7:00 pm,Atlanta Hawks,95,Washington Wizards,92,Box Score,,18588,
Sun Mar 25 2012,6:00 pm,Utah Jazz,133,Atlanta Hawks,139,Box Score,4OT,13544,
Sun Mar 25 2012,6:00 pm,Washington Wizards,76,Boston Celtics,88,Box Score,,18624,
Sun Mar 25 2012,3:00 pm,Phoenix Suns,108,Cleveland Cavaliers,83,Box Score,,17307,
Sun Mar 25 2012,7:30 pm,Memphis Grizzlies,102,Los Angeles Lakers,96,Box Score,,18997,
Sun Mar 25 2012,2:30 pm,Denver Nuggets,100,Minnesota Timberwolves,117,Box Score,,20023,
Sun Mar 25 2012,7:00 pm,Miami Heat,87,Oklahoma City Thunder,103,Box Score,,18203,
Sun Mar 25 2012,6:00 pm,Golden State Warriors,87,Portland Trail Blazers,90,Box Score,,20636,
Sun Mar 25 2012,6:00 pm,Philadelphia 76ers,76,San Antonio Spurs,93,Box Score,,18581,
Mon Mar 26 2012,7:00 pm,Boston Celtics,102,Charlotte Bobcats,95,Box Score,,16357,
Mon Mar 26 2012,7:00 pm,Denver Nuggets,108,Chicago Bulls,91,Box Score,,22274,
Mon Mar 26 2012,7:00 pm,Sacramento Kings,106,Houston Rockets,113,Box Score,OT,13572,
Mon Mar 26 2012,7:00 pm,Miami Heat,90,Indiana Pacers,105,Box Score,,17415,
Mon Mar 26 2012,7:30 pm,New Orleans Hornets,85,Los Angeles Clippers,97,Box Score,,19060,
Mon Mar 26 2012,7:30 pm,Utah Jazz,105,New Jersey Nets,84,Box Score,,10310,
Mon Mar 26 2012,7:30 pm,Milwaukee Bucks,80,New York Knicks,89,Box Score,,19763,
Mon Mar 26 2012,7:00 pm,Orlando Magic,117,Toronto Raptors,101,Box Score,,16429,
Mon Mar 26 2012,7:00 pm,Detroit Pistons,79,Washington Wizards,77,Box Score,,15911,
Tue Mar 27 2012,7:30 pm,Houston Rockets,81,Dallas Mavericks,90,Box Score,,20359,
Tue Mar 27 2012,7:30 pm,Los Angeles Lakers,104,Golden State Warriors,101,Box Score,,19596,
Tue Mar 27 2012,7:00 pm,Minnesota Timberwolves,86,Memphis Grizzlies,93,Box Score,,14769,
Tue Mar 27 2012,7:00 pm,Atlanta Hawks,101,Milwaukee Bucks,108,Box Score,,12223,
Tue Mar 27 2012,7:00 pm,Cleveland Cavaliers,85,Philadelphia 76ers,103,Box Score,,17832,
Tue Mar 27 2012,7:00 pm,San Antonio Spurs,107,Phoenix Suns,100,Box Score,,16573,
Tue Mar 27 2012,7:00 pm,Oklahoma City Thunder,109,Portland Trail Blazers,95,Box Score,,20626,
Wed Mar 28 2012,7:30 pm,Chicago Bulls,98,Atlanta Hawks,77,Box Score,,16290,
Wed Mar 28 2012,7:30 pm,Utah Jazz,82,Boston Celtics,94,Box Score,,18624,
Wed Mar 28 2012,7:00 pm,Minnesota Timberwolves,88,Charlotte Bobcats,83,Box Score,,10540,
Wed Mar 28 2012,7:00 pm,Detroit Pistons,87,Cleveland Cavaliers,75,Box Score,,14486,
Wed Mar 28 2012,7:30 pm,New Orleans Hornets,102,Golden State Warriors,87,Box Score,,18771,
Wed Mar 28 2012,7:30 pm,Phoenix Suns,86,Los Angeles Clippers,103,Box Score,,19060,
Wed Mar 28 2012,7:30 pm,Indiana Pacers,84,New Jersey Nets,100,Box Score,,10817,
Wed Mar 28 2012,7:00 pm,Orlando Magic,86,New York Knicks,108,Box Score,,19763,
Wed Mar 28 2012,7:00 pm,San Antonio Spurs,117,Sacramento Kings,112,Box Score,,13119,
Wed Mar 28 2012,7:00 pm,Denver Nuggets,96,Toronto Raptors,105,Box Score,,15867,
Thu Mar 29 2012,7:00 pm,Washington Wizards,89,Indiana Pacers,93,Box Score,,11505,
Thu Mar 29 2012,7:30 pm,Oklahoma City Thunder,102,Los Angeles Lakers,93,Box Score,,18997,
Thu Mar 29 2012,8:00 pm,Dallas Mavericks,85,Miami Heat,106,Box Score,,20096,
Thu Mar 29 2012,7:00 pm,New Orleans Hornets,93,Portland Trail Blazers,99,Box Score,,20499,
Fri Mar 30 2012,7:30 pm,New York Knicks,90,Atlanta Hawks,100,Box Score,,18389,
Fri Mar 30 2012,7:00 pm,Denver Nuggets,99,Charlotte Bobcats,88,Box Score,,13806,
Fri Mar 30 2012,7:00 pm,Detroit Pistons,71,Chicago Bulls,83,Box Score,,22385,
Fri Mar 30 2012,7:30 pm,Milwaukee Bucks,121,Cleveland Cavaliers,84,Box Score,,16099,
Fri Mar 30 2012,7:30 pm,New Jersey Nets,102,Golden State Warriors,100,Box Score,,19596,
Fri Mar 30 2012,7:00 pm,Memphis Grizzlies,89,Houston Rockets,98,Box Score,,16884,
Fri Mar 30 2012,7:30 pm,Portland Trail Blazers,97,Los Angeles Clippers,98,Box Score,,19060,
Fri Mar 30 2012,7:00 pm,Boston Celtics,100,Minnesota Timberwolves,79,Box Score,,19356,
Fri Mar 30 2012,8:00 pm,Dallas Mavericks,100,Orlando Magic,98,Box Score,,18951,
Fri Mar 30 2012,7:00 pm,Miami Heat,113,Toronto Raptors,101,Box Score,,19883,
Fri Mar 30 2012,7:00 pm,Sacramento Kings,104,Utah Jazz,103,Box Score,,19911,
Fri Mar 30 2012,7:00 pm,Philadelphia 76ers,76,Washington Wizards,97,Box Score,,18066,
Sat Mar 31 2012,7:30 pm,Charlotte Bobcats,107,Detroit Pistons,110,Box Score,OT,17082,
Sat Mar 31 2012,7:30 pm,Utah Jazz,96,Los Angeles Clippers,105,Box Score,,19060,
Sat Mar 31 2012,12:30 pm,New Orleans Hornets,85,Los Angeles Lakers,88,Box Score,,18997,
Sat Mar 31 2012,7:30 pm,Memphis Grizzlies,99,Milwaukee Bucks,95,Box Score,,17106,
Sat Mar 31 2012,7:30 pm,Cleveland Cavaliers,75,New York Knicks,91,Box Score,,19763,
Sat Mar 31 2012,7:30 pm,Atlanta Hawks,90,Philadelphia 76ers,95,Box Score,,19714,
Sat Mar 31 2012,7:00 pm,New Jersey Nets,111,Sacramento Kings,99,Box Score,,14370,
Sat Mar 31 2012,7:30 pm,Indiana Pacers,103,San Antonio Spurs,112,Box Score,,18581,
Sun Apr 1 2012,3:30 pm,Miami Heat,72,Boston Celtics,91,Box Score,,18624,
Sun Apr 1 2012,6:00 pm,Indiana Pacers,104,Houston Rockets,102,Box Score,OT,18197,
Sun Apr 1 2012,6:30 pm,Golden State Warriors,112,Los Angeles Lakers,120,Box Score,,18997,
Sun Apr 1 2012,12:00 pm,Chicago Bulls,78,Oklahoma City Thunder,92,Box Score,,18203,
Sun Apr 1 2012,6:00 pm,Denver Nuggets,104,Orlando Magic,101,Box Score,,18846,
Sun Apr 1 2012,6:00 pm,New Orleans Hornets,75,Phoenix Suns,92,Box Score,,15753,
Sun Apr 1 2012,6:00 pm,Minnesota Timberwolves,106,Portland Trail Blazers,119,Box Score,,20359,
Sun Apr 1 2012,6:00 pm,Washington Wizards,92,Toronto Raptors,99,Box Score,,16858,
Mon Apr 2 2012,7:00 pm,Houston Rockets,99,Chicago Bulls,93,Box Score,,21936,
Mon Apr 2 2012,7:30 pm,Los Angeles Clippers,94,Dallas Mavericks,75,Box Score,,20479,
Mon Apr 2 2012,7:00 pm,Memphis Grizzlies,94,Oklahoma City Thunder,88,Box Score,,18203,
Mon Apr 2 2012,7:00 pm,Utah Jazz,102,Portland Trail Blazers,97,Box Score,,20050,
Mon Apr 2 2012,7:00 pm,Minnesota Timberwolves,108,Sacramento Kings,116,Box Score,,12279,
Mon Apr 2 2012,7:00 pm,Milwaukee Bucks,112,Washington Wizards,98,Box Score,,16234,
Tue Apr 3 2012,7:00 pm,San Antonio Spurs,125,Cleveland Cavaliers,90,Box Score,,14759,
Tue Apr 3 2012,7:30 pm,Orlando Magic,95,Detroit Pistons,102,Box Score,,16741,
Tue Apr 3 2012,7:00 pm,New York Knicks,104,Indiana Pacers,112,Box Score,,17042,
Tue Apr 3 2012,7:30 pm,New Jersey Nets,87,Los Angeles Lakers,91,Box Score,,18997,
Tue Apr 3 2012,7:00 pm,Golden State Warriors,94,Memphis Grizzlies,98,Box Score,,14310,
Tue Apr 3 2012,7:30 pm,Philadelphia 76ers,93,Miami Heat,99,Box Score,,20015,
Tue Apr 3 2012,7:00 pm,Phoenix Suns,109,Sacramento Kings,100,Box Score,,12462,
Tue Apr 3 2012,7:00 pm,Charlotte Bobcats,87,Toronto Raptors,92,Box Score,,14640,
Wed Apr 4 2012,7:30 pm,Charlotte Bobcats,93,Atlanta Hawks,120,Box Score,,13046,
Wed Apr 4 2012,7:30 pm,San Antonio Spurs,87,Boston Celtics,86,Box Score,,18624,
Wed Apr 4 2012,7:30 pm,Memphis Grizzlies,85,Dallas Mavericks,95,Box Score,,20233,
Wed Apr 4 2012,7:30 pm,Los Angeles Lakers,113,Los Angeles Clippers,108,Box Score,,19819,
Wed Apr 4 2012,8:00 pm,Oklahoma City Thunder,93,Miami Heat,98,Box Score,,20104,
Wed Apr 4 2012,7:00 pm,Cleveland Cavaliers,98,Milwaukee Bucks,107,Box Score,,11849,
Wed Apr 4 2012,7:00 pm,Golden State Warriors,97,Minnesota Timberwolves,94,Box Score,,17161,
Wed Apr 4 2012,7:00 pm,Denver Nuggets,92,New Orleans Hornets,94,Box Score,,15020,
Wed Apr 4 2012,7:00 pm,Toronto Raptors,99,Philadelphia 76ers,78,Box Score,,18186,
Wed Apr 4 2012,7:00 pm,New Jersey Nets,88,Portland Trail Blazers,101,Box Score,,20464,
Wed Apr 4 2012,7:00 pm,Phoenix Suns,107,Utah Jazz,105,Box Score,,19911,
Wed Apr 4 2012,7:00 pm,Indiana Pacers,109,Washington Wizards,96,Box Score,,14561,
Thu Apr 5 2012,8:30 pm,Boston Celtics,86,Chicago Bulls,93,Box Score,,22423,
Thu Apr 5 2012,7:30 pm,Washington Wizards,94,Detroit Pistons,99,Box Score,,12681,
Thu Apr 5 2012,7:00 pm,New York Knicks,96,Orlando Magic,80,Box Score,,19098,
Thu Apr 5 2012,7:00 pm,Los Angeles Clippers,93,Sacramento Kings,85,Box Score,,14411,
Fri Apr 6 2012,7:30 pm,Detroit Pistons,96,Atlanta Hawks,101,Box Score,,15143,
Fri Apr 6 2012,7:30 pm,Portland Trail Blazers,99,Dallas Mavericks,97,Box Score,OT,20544,
Fri Apr 6 2012,7:00 pm,Phoenix Suns,99,Denver Nuggets,105,Box Score,,19155,
Fri Apr 6 2012,7:00 pm,Oklahoma City Thunder,98,Indiana Pacers,103,Box Score,,18165,
Fri Apr 6 2012,7:30 pm,Houston Rockets,112,Los Angeles Lakers,107,Box Score,,18997,
Fri Apr 6 2012,7:30 pm,Memphis Grizzlies,97,Miami Heat,82,Box Score,,20008,
Fri Apr 6 2012,7:30 pm,Charlotte Bobcats,90,Milwaukee Bucks,95,Box Score,,13374,
Fri Apr 6 2012,7:30 pm,Washington Wizards,98,New Jersey Nets,110,Box Score,,12783,
Fri Apr 6 2012,7:30 pm,New Orleans Hornets,103,San Antonio Spurs,128,Box Score,,18581,
Fri Apr 6 2012,7:30 pm,Cleveland Cavaliers,84,Toronto Raptors,80,Box Score,,16565,
Fri Apr 6 2012,7:00 pm,Golden State Warriors,98,Utah Jazz,104,Box Score,,18933,
Sat Apr 7 2012,8:00 pm,Atlanta Hawks,116,Charlotte Bobcats,96,Box Score,,14715,
Sat Apr 7 2012,7:30 pm,Denver Nuggets,97,Golden State Warriors,112,Box Score,,18942,
Sat Apr 7 2012,7:00 pm,Boston Celtics,86,Indiana Pacers,72,Box Score,,16892,
Sat Apr 7 2012,7:30 pm,Sacramento Kings,94,Los Angeles Clippers,109,Box Score,,19060,
Sat Apr 7 2012,7:00 pm,Dallas Mavericks,89,Memphis Grizzlies,94,Box Score,,18119,
Sat Apr 7 2012,7:30 pm,Portland Trail Blazers,94,Milwaukee Bucks,116,Box Score,,14969,
Sat Apr 7 2012,7:00 pm,Minnesota Timberwolves,90,New Orleans Hornets,99,Box Score,,15520,
Sat Apr 7 2012,8:00 pm,Orlando Magic,88,Philadelphia 76ers,82,Box Score,,19775,
Sat Apr 7 2012,7:00 pm,Los Angeles Lakers,105,Phoenix Suns,125,Box Score,,18237,
Sun Apr 8 2012,6:00 pm,Philadelphia 76ers,79,Boston Celtics,103,Box Score,,18624,
Sun Apr 8 2012,6:00 pm,Detroit Pistons,75,Miami Heat,98,Box Score,,20017,
Sun Apr 8 2012,6:00 pm,Cleveland Cavaliers,117,New Jersey Nets,122,Box Score,OT,11341,
Sun Apr 8 2012,1:00 pm,Chicago Bulls,99,New York Knicks,100,Box Score,OT,19763,
Sun Apr 8 2012,6:00 pm,Toronto Raptors,75,Oklahoma City Thunder,91,Box Score,,18203,
Sun Apr 8 2012,6:00 pm,Houston Rockets,104,Sacramento Kings,87,Box Score,,13299,
Sun Apr 8 2012,6:00 pm,Utah Jazz,104,San Antonio Spurs,114,Box Score,,18581,
Mon Apr 9 2012,7:00 pm,Washington Wizards,113,Charlotte Bobcats,85,Box Score,,10303,
Mon Apr 9 2012,7:00 pm,Golden State Warriors,84,Denver Nuggets,123,Box Score,,15530,
Mon Apr 9 2012,7:00 pm,Toronto Raptors,98,Indiana Pacers,103,Box Score,,11021,
Mon Apr 9 2012,7:00 pm,Los Angeles Clippers,85,Memphis Grizzlies,94,Box Score,,17219,
Mon Apr 9 2012,7:00 pm,Oklahoma City Thunder,109,Milwaukee Bucks,89,Box Score,,14111,
Mon Apr 9 2012,8:00 pm,Phoenix Suns,114,Minnesota Timberwolves,90,Box Score,,17274,
Mon Apr 9 2012,7:00 pm,Los Angeles Lakers,93,New Orleans Hornets,91,Box Score,,17275,
Mon Apr 9 2012,7:00 pm,Detroit Pistons,89,Orlando Magic,119,Box Score,,18998,
Mon Apr 9 2012,7:00 pm,Houston Rockets,94,Portland Trail Blazers,89,Box Score,,20487,
Mon Apr 9 2012,7:00 pm,San Antonio Spurs,84,Utah Jazz,91,Box Score,,19911,
Tue Apr 10 2012,8:30 pm,New York Knicks,86,Chicago Bulls,98,Box Score,,22131,
Tue Apr 10 2012,7:00 pm,Charlotte Bobcats,90,Cleveland Cavaliers,103,Box Score,,13576,
Tue Apr 10 2012,7:30 pm,Sacramento Kings,100,Dallas Mavericks,110,Box Score,,20241,
Tue Apr 10 2012,7:00 pm,Boston Celtics,115,Miami Heat,107,Box Score,,19954,
Tue Apr 10 2012,7:30 pm,Philadelphia 76ers,107,New Jersey Nets,88,Box Score,,15376,
Tue Apr 10 2012,7:00 pm,Orlando Magic,85,Washington Wizards,93,Box Score,,15355,
Wed Apr 11 2012,8:00 pm,Atlanta Hawks,86,Boston Celtics,88,Box Score,OT,18624,
Wed Apr 11 2012,7:00 pm,Indiana Pacers,104,Cleveland Cavaliers,98,Box Score,OT,14307,
Wed Apr 11 2012,7:00 pm,Minnesota Timberwolves,107,Denver Nuggets,113,Box Score,,15823,
Wed Apr 11 2012,7:00 pm,Utah Jazz,103,Houston Rockets,91,Box Score,,18273,
Wed Apr 11 2012,7:00 pm,Phoenix Suns,93,Memphis Grizzlies,104,Box Score,,15239,
Wed Apr 11 2012,7:00 pm,New York Knicks,111,Milwaukee Bucks,107,Box Score,,15534,
Wed Apr 11 2012,7:00 pm,Sacramento Kings,96,New Orleans Hornets,105,Box Score,,16906,
Wed Apr 11 2012,7:00 pm,Los Angeles Clippers,100,Oklahoma City Thunder,98,Box Score,,18203,
Wed Apr 11 2012,7:30 pm,Golden State Warriors,110,Portland Trail Blazers,118,Box Score,,20502,
Wed Apr 11 2012,7:30 pm,Los Angeles Lakers,98,San Antonio Spurs,84,Box Score,,18581,
Wed Apr 11 2012,7:00 pm,Philadelphia 76ers,93,Toronto Raptors,75,Box Score,,16324,
Thu Apr 12 2012,7:00 pm,Detroit Pistons,109,Charlotte Bobcats,85,Box Score,,10828,
Thu Apr 12 2012,7:00 pm,Miami Heat,86,Chicago Bulls,96,Box Score,OT,23015,
Thu Apr 12 2012,7:30 pm,Dallas Mavericks,112,Golden State Warriors,103,Box Score,,17929,
Thu Apr 12 2012,7:00 pm,Los Angeles Clippers,95,Minnesota Timberwolves,82,Box Score,,16016,
Thu Apr 12 2012,7:30 pm,Memphis Grizzlies,97,San Antonio Spurs,107,Box Score,,18581,
Fri Apr 13 2012,8:00 pm,Milwaukee Bucks,113,Detroit Pistons,97,Box Score,,15255,
Fri Apr 13 2012,7:00 pm,Phoenix Suns,112,Houston Rockets,105,Box Score,,18223,
Fri Apr 13 2012,7:00 pm,Cleveland Cavaliers,83,Indiana Pacers,102,Box Score,,13356,
Fri Apr 13 2012,7:30 pm,Denver Nuggets,97,Los Angeles Lakers,103,Box Score,,18997,
Fri Apr 13 2012,7:30 pm,Charlotte Bobcats,82,Miami Heat,105,Box Score,,19600,
Fri Apr 13 2012,7:00 pm,Utah Jazz,85,New Orleans Hornets,96,Box Score,,16326,
Fri Apr 13 2012,7:30 pm,Washington Wizards,65,New York Knicks,103,Box Score,,19763,
Fri Apr 13 2012,7:00 pm,Sacramento Kings,89,Oklahoma City Thunder,115,Box Score,,18203,
Fri Apr 13 2012,7:00 pm,Atlanta Hawks,109,Orlando Magic,81,Box Score,,18846,
Fri Apr 13 2012,7:00 pm,New Jersey Nets,95,Philadelphia 76ers,89,Box Score,,19169,
Fri Apr 13 2012,7:30 pm,Dallas Mavericks,97,Portland Trail Blazers,94,Box Score,,20304,
Fri Apr 13 2012,7:00 pm,Boston Celtics,79,Toronto Raptors,84,Box Score,,17270,
Sat Apr 14 2012,12:30 pm,Golden State Warriors,104,Los Angeles Clippers,112,Box Score,,19060,
Sat Apr 14 2012,7:00 pm,Utah Jazz,98,Memphis Grizzlies,103,Box Score,,17190,
Sat Apr 14 2012,7:30 pm,Indiana Pacers,105,Milwaukee Bucks,99,Box Score,,15143,
Sat Apr 14 2012,7:00 pm,Oklahoma City Thunder,115,Minnesota Timberwolves,110,Box Score,,19552,
Sat Apr 14 2012,7:30 pm,Boston Celtics,94,New Jersey Nets,82,Box Score,,18711,
Sat Apr 14 2012,8:00 pm,Phoenix Suns,91,San Antonio Spurs,105,Box Score,,18581,
Sat Apr 14 2012,7:00 pm,Cleveland Cavaliers,98,Washington Wizards,89,Box Score,,17200,
Sun Apr 15 2012,6:00 pm,Toronto Raptors,102,Atlanta Hawks,86,Box Score,,13845,
Sun Apr 15 2012,6:00 pm,Boston Celtics,94,Charlotte Bobcats,82,Box Score,,15169,
Sun Apr 15 2012,6:00 pm,Orlando Magic,100,Cleveland Cavaliers,84,Box Score,,16305,
Sun Apr 15 2012,6:00 pm,Houston Rockets,86,Denver Nuggets,101,Box Score,,17954,
Sun Apr 15 2012,6:00 pm,Chicago Bulls,100,Detroit Pistons,94,Box Score,OT,17450,
Sun Apr 15 2012,12:30 pm,Dallas Mavericks,108,Los Angeles Lakers,112,Box Score,OT,18997,
Sun Apr 15 2012,6:00 pm,Memphis Grizzlies,75,New Orleans Hornets,88,Box Score,,15570,
Sun Apr 15 2012,1:00 pm,Miami Heat,93,New York Knicks,85,Box Score,,19763,
Sun Apr 15 2012,3:00 pm,Portland Trail Blazers,103,Sacramento Kings,104,Box Score,,16012,
Mon Apr 16 2012,7:00 pm,New Orleans Hornets,75,Charlotte Bobcats,67,Box Score,,10876,
Mon Apr 16 2012,7:00 pm,Washington Wizards,87,Chicago Bulls,84,Box Score,,22307,
Mon Apr 16 2012,7:30 pm,San Antonio Spurs,120,Golden State Warriors,99,Box Score,,18471,
Mon Apr 16 2012,7:00 pm,Denver Nuggets,105,Houston Rockets,102,Box Score,,15988,
Mon Apr 16 2012,7:00 pm,Minnesota Timberwolves,88,Indiana Pacers,111,Box Score,,11845,
Mon Apr 16 2012,7:30 pm,Oklahoma City Thunder,77,Los Angeles Clippers,92,Box Score,,19516,
Mon Apr 16 2012,7:30 pm,Miami Heat,101,New Jersey Nets,98,Box Score,,18711,
Mon Apr 16 2012,7:00 pm,Philadelphia 76ers,100,Orlando Magic,113,Box Score,,18846,
Mon Apr 16 2012,7:00 pm,Portland Trail Blazers,107,Phoenix Suns,125,Box Score,,15322,
Mon Apr 16 2012,7:00 pm,Atlanta Hawks,109,Toronto Raptors,87,Box Score,,15992,
Mon Apr 16 2012,7:00 pm,Dallas Mavericks,121,Utah Jazz,123,Box Score,3OT,19363,
Tue Apr 17 2012,7:30 pm,Cleveland Cavaliers,77,Detroit Pistons,116,Box Score,,11595,
Tue Apr 17 2012,7:30 pm,San Antonio Spurs,112,Los Angeles Lakers,91,Box Score,,18997,
Tue Apr 17 2012,7:00 pm,Memphis Grizzlies,91,Minnesota Timberwolves,84,Box Score,,16709,
Tue Apr 17 2012,8:00 pm,Boston Celtics,110,New York Knicks,118,Box Score,,19763,
Tue Apr 17 2012,7:00 pm,Indiana Pacers,102,Philadelphia 76ers,97,Box Score,,18969,
Wed Apr 18 2012,7:30 pm,Detroit Pistons,84,Atlanta Hawks,116,Box Score,,14392,
Wed Apr 18 2012,8:00 pm,Orlando Magic,98,Boston Celtics,102,Box Score,,18624,
Wed Apr 18 2012,7:00 pm,Chicago Bulls,100,Charlotte Bobcats,68,Box Score,,14221,
Wed Apr 18 2012,7:00 pm,Philadelphia 76ers,103,Cleveland Cavaliers,87,Box Score,,14678,
Wed Apr 18 2012,7:30 pm,Houston Rockets,110,Dallas Mavericks,117,Box Score,,20508,
Wed Apr 18 2012,7:00 pm,Los Angeles Clippers,104,Denver Nuggets,98,Box Score,,17219,
Wed Apr 18 2012,7:30 pm,Los Angeles Lakers,99,Golden State Warriors,87,Box Score,,18547,
Wed Apr 18 2012,7:00 pm,New Orleans Hornets,91,Memphis Grizzlies,103,Box Score,,14507,
Wed Apr 18 2012,7:30 pm,Toronto Raptors,72,Miami Heat,96,Box Score,,19600,
Wed Apr 18 2012,7:30 pm,New York Knicks,104,New Jersey Nets,95,Box Score,,18711,
Wed Apr 18 2012,7:00 pm,Oklahoma City Thunder,109,Phoenix Suns,97,Box Score,,14873,
Wed Apr 18 2012,7:00 pm,Utah Jazz,112,Portland Trail Blazers,91,Box Score,,20545,
Wed Apr 18 2012,7:00 pm,San Antonio Spurs,127,Sacramento Kings,102,Box Score,,16954,
Wed Apr 18 2012,7:00 pm,Milwaukee Bucks,112,Washington Wizards,121,Box Score,,14141,
Thu Apr 19 2012,7:30 pm,Minnesota Timberwolves,91,Detroit Pistons,80,Box Score,,12458,
Thu Apr 19 2012,7:00 pm,Milwaukee Bucks,109,Indiana Pacers,118,Box Score,,12453,
Thu Apr 19 2012,8:00 pm,Chicago Bulls,72,Miami Heat,83,Box Score,,20008,
Thu Apr 19 2012,7:00 pm,Houston Rockets,99,New Orleans Hornets,105,Box Score,OT,18315,
Thu Apr 19 2012,7:30 pm,Los Angeles Clippers,90,Phoenix Suns,93,Box Score,,14644,
Fri Apr 20 2012,7:00 pm,Boston Celtics,92,Atlanta Hawks,97,Box Score,,16214,
Fri Apr 20 2012,7:00 pm,Memphis Grizzlies,85,Charlotte Bobcats,80,Box Score,,13428,
Fri Apr 20 2012,7:30 pm,New York Knicks,90,Cleveland Cavaliers,98,Box Score,,19349,
Fri Apr 20 2012,7:30 pm,Golden State Warriors,94,Dallas Mavericks,104,Box Score,,20547,
Fri Apr 20 2012,7:00 pm,Oklahoma City Thunder,103,Sacramento Kings,92,Box Score,,16882,
Fri Apr 20 2012,8:30 pm,Los Angeles Lakers,97,San Antonio Spurs,121,Box Score,,18581,
Sat Apr 21 2012,7:00 pm,Dallas Mavericks,83,Chicago Bulls,93,Box Score,,22945,
Sat Apr 21 2012,7:00 pm,Golden State Warriors,96,Houston Rockets,99,Box Score,,15436,
Sat Apr 21 2012,7:00 pm,Philadelphia 76ers,109,Indiana Pacers,106,Box Score,OT,17701,
Sat Apr 21 2012,7:00 pm,Portland Trail Blazers,89,Memphis Grizzlies,93,Box Score,,17904,
Sat Apr 21 2012,7:30 pm,Washington Wizards,86,Miami Heat,84,Box Score,,19722,
Sat Apr 21 2012,7:30 pm,New Jersey Nets,95,Milwaukee Bucks,106,Box Score,,15939,
Sat Apr 21 2012,2:30 pm,Denver Nuggets,118,Phoenix Suns,107,Box Score,,15877,
Sat Apr 21 2012,8:30 pm,Orlando Magic,107,Utah Jazz,117,Box Score,OT,19580,
Sun Apr 22 2012,1:00 pm,New York Knicks,113,Atlanta Hawks,112,Box Score,,18158,
Sun Apr 22 2012,6:00 pm,Sacramento Kings,114,Charlotte Bobcats,88,Box Score,,11317,
Sun Apr 22 2012,6:00 pm,Orlando Magic,74,Denver Nuggets,101,Box Score,,19155,
Sun Apr 22 2012,6:00 pm,Toronto Raptors,73,Detroit Pistons,76,Box Score,,14370,
Sun Apr 22 2012,6:30 pm,New Orleans Hornets,98,Los Angeles Clippers,107,Box Score,,19060,
Sun Apr 22 2012,12:30 pm,Oklahoma City Thunder,106,Los Angeles Lakers,114,Box Score,2OT,18997,
Sun Apr 22 2012,6:00 pm,Houston Rockets,88,Miami Heat,97,Box Score,,19859,
Sun Apr 22 2012,6:00 pm,Golden State Warriors,93,Minnesota Timberwolves,88,Box Score,,15872,
Sun Apr 22 2012,6:00 pm,Cleveland Cavaliers,98,San Antonio Spurs,114,Box Score,,18581,
Mon Apr 23 2012,7:00 pm,Detroit Pistons,97,Indiana Pacers,103,Box Score,,13584,
Mon Apr 23 2012,7:00 pm,Cleveland Cavaliers,101,Memphis Grizzlies,109,Box Score,,15504,
Mon Apr 23 2012,7:00 pm,Toronto Raptors,86,Milwaukee Bucks,92,Box Score,,13867,
Mon Apr 23 2012,7:30 pm,Philadelphia 76ers,105,New Jersey Nets,87,Box Score,,18711,
Mon Apr 23 2012,7:30 pm,Portland Trail Blazers,89,San Antonio Spurs,124,Box Score,,18581,
Mon Apr 23 2012,7:00 pm,Charlotte Bobcats,73,Washington Wizards,101,Box Score,,17355,
Tue Apr 24 2012,7:30 pm,Los Angeles Clippers,102,Atlanta Hawks,109,Box Score,,18223,
Tue Apr 24 2012,8:00 pm,Miami Heat,66,Boston Celtics,78,Box Score,,18624,
Tue Apr 24 2012,7:30 pm,New Orleans Hornets,83,Golden State Warriors,81,Box Score,,17598,
Tue Apr 24 2012,7:00 pm,Sacramento Kings,110,Oklahoma City Thunder,118,Box Score,,18203,
Tue Apr 24 2012,8:30 pm,Phoenix Suns,88,Utah Jazz,100,Box Score,,19911,
Wed Apr 25 2012,7:00 pm,Washington Wizards,96,Cleveland Cavaliers,85,Box Score,,18086,
Wed Apr 25 2012,7:00 pm,Chicago Bulls,92,Indiana Pacers,87,Box Score,,18165,
Wed Apr 25 2012,7:00 pm,Philadelphia 76ers,90,Milwaukee Bucks,85,Box Score,,13489,
Wed Apr 25 2012,8:00 pm,Los Angeles Clippers,93,New York Knicks,99,Box Score,,19763,
Wed Apr 25 2012,7:00 pm,Denver Nuggets,106,Oklahoma City Thunder,101,Box Score,,18203,
Wed Apr 25 2012,7:00 pm,Charlotte Bobcats,95,Orlando Magic,102,Box Score,,19152,
Wed Apr 25 2012,7:30 pm,San Antonio Spurs,110,Phoenix Suns,106,Box Score,,17172,
Thu Apr 26 2012,8:00 pm,Dallas Mavericks,89,Atlanta Hawks,106,Box Score,,14595,
Thu Apr 26 2012,8:00 pm,Milwaukee Bucks,74,Boston Celtics,87,Box Score,,18624,
Thu Apr 26 2012,8:00 pm,New York Knicks,104,Charlotte Bobcats,84,Box Score,,16023,
Thu Apr 26 2012,7:00 pm,Cleveland Cavaliers,75,Chicago Bulls,107,Box Score,,22563,
Thu Apr 26 2012,8:00 pm,Philadelphia 76ers,86,Detroit Pistons,108,Box Score,,15372,
Thu Apr 26 2012,7:30 pm,San Antonio Spurs,107,Golden State Warriors,101,Box Score,,18124,
Thu Apr 26 2012,7:00 pm,New Orleans Hornets,77,Houston Rockets,84,Box Score,,16602,
Thu Apr 26 2012,7:00 pm,Orlando Magic,76,Memphis Grizzlies,88,Box Score,,17215,
Thu Apr 26 2012,7:00 pm,Denver Nuggets,131,Minnesota Timberwolves,102,Box Score,,14824,
Thu Apr 26 2012,7:30 pm,Los Angeles Lakers,96,Sacramento Kings,113,Box Score,,16281,
Thu Apr 26 2012,7:00 pm,New Jersey Nets,67,Toronto Raptors,98,Box Score,,18161,
Thu Apr 26 2012,6:00 pm,Portland Trail Blazers,94,Utah Jazz,96,Box Score,,19554,
Thu Apr 26 2012,8:00 pm,Miami Heat,70,Washington Wizards,104,Box Score,,19537,
Sat Apr 28 2012,12:00 pm,Philadelphia 76ers,91,Chicago Bulls,103,Box Score,,21943,
Sat Apr 28 2012,7:00 pm,Orlando Magic,81,Indiana Pacers,77,Box Score,,18165,
Sat Apr 28 2012,3:30 pm,New York Knicks,67,Miami Heat,100,Box Score,,19621,
Sat Apr 28 2012,8:30 pm,Dallas Mavericks,98,Oklahoma City Thunder,99,Box Score,,18203,
Sun Apr 29 2012,7:00 pm,Boston Celtics,74,Atlanta Hawks,83,Box Score,,19292,
Sun Apr 29 2012,12:30 pm,Denver Nuggets,88,Los Angeles Lakers,103,Box Score,,18997,
Sun Apr 29 2012,8:30 pm,Los Angeles Clippers,99,Memphis Grizzlies,98,Box Score,,18119,
Sun Apr 29 2012,12:00 pm,Utah Jazz,91,San Antonio Spurs,106,Box Score,,18581,
Mon Apr 30 2012,7:30 pm,Orlando Magic,78,Indiana Pacers,93,Box Score,,18165,
Mon Apr 30 2012,7:00 pm,New York Knicks,94,Miami Heat,104,Box Score,,19684,
Mon Apr 30 2012,8:30 pm,Dallas Mavericks,99,Oklahoma City Thunder,102,Box Score,,18203,
Tue May 1 2012,7:30 pm,Boston Celtics,87,Atlanta Hawks,80,Box Score,,19308,
Tue May 1 2012,7:00 pm,Philadelphia 76ers,109,Chicago Bulls,92,Box Score,,22067,
Tue May 1 2012,7:30 pm,Denver Nuggets,100,Los Angeles Lakers,104,Box Score,,18997,
Wed May 2 2012,8:30 pm,Los Angeles Clippers,98,Memphis Grizzlies,105,Box Score,,18119,
Wed May 2 2012,7:30 pm,Indiana Pacers,97,Orlando Magic,74,Box Score,,18846,
Wed May 2 2012,6:00 pm,Utah Jazz,83,San Antonio Spurs,114,Box Score,,18581,
Thu May 3 2012,8:30 pm,Oklahoma City Thunder,95,Dallas Mavericks,79,Box Score,,20640,
Thu May 3 2012,7:00 pm,Miami Heat,87,New York Knicks,70,Box Score,,19763,
Fri May 4 2012,7:30 pm,Atlanta Hawks,84,Boston Celtics,90,Box Score,OT,18624,
Fri May 4 2012,8:30 pm,Los Angeles Lakers,84,Denver Nuggets,99,Box Score,,19155,
Fri May 4 2012,8:00 pm,Chicago Bulls,74,Philadelphia 76ers,79,Box Score,,20381,
Sat May 5 2012,6:30 pm,Oklahoma City Thunder,103,Dallas Mavericks,97,Box Score,,20533,
Sat May 5 2012,1:30 pm,Memphis Grizzlies,86,Los Angeles Clippers,87,Box Score,,19060,
Sat May 5 2012,2:00 pm,Indiana Pacers,101,Orlando Magic,99,Box Score,OT,18846,
Sat May 5 2012,8:00 pm,San Antonio Spurs,102,Utah Jazz,90,Box Score,,19911,
Sun May 6 2012,7:00 pm,Atlanta Hawks,79,Boston Celtics,101,Box Score,,18624,
Sun May 6 2012,7:30 pm,Los Angeles Lakers,92,Denver Nuggets,88,Box Score,,19155,
Sun May 6 2012,3:30 pm,Miami Heat,87,New York Knicks,89,Box Score,,19763,
Sun May 6 2012,1:00 pm,Chicago Bulls,82,Philadelphia 76ers,89,Box Score,,20412,
Mon May 7 2012,7:30 pm,Memphis Grizzlies,97,Los Angeles Clippers,101,Box Score,OT,19167,
Mon May 7 2012,6:00 pm,San Antonio Spurs,87,Utah Jazz,81,Box Score,,19911,
Tue May 8 2012,8:00 pm,Boston Celtics,86,Atlanta Hawks,87,Box Score,,19319,
Tue May 8 2012,8:30 pm,Philadelphia 76ers,69,Chicago Bulls,77,Box Score,,22093,
Tue May 8 2012,7:00 pm,Orlando Magic,87,Indiana Pacers,105,Box Score,,18165,
Tue May 8 2012,7:30 pm,Denver Nuggets,102,Los Angeles Lakers,99,Box Score,,18997,
Wed May 9 2012,8:30 pm,Los Angeles Clippers,80,Memphis Grizzlies,92,Box Score,,18119,
Wed May 9 2012,7:00 pm,New York Knicks,94,Miami Heat,106,Box Score,,19754,
Thu May 10 2012,8:00 pm,Atlanta Hawks,80,Boston Celtics,83,Box Score,,18624,
Thu May 10 2012,8:30 pm,Los Angeles Lakers,96,Denver Nuggets,113,Box Score,,19770,
Thu May 10 2012,7:00 pm,Chicago Bulls,78,Philadelphia 76ers,79,Box Score,,20362,
Fri May 11 2012,6:00 pm,Memphis Grizzlies,90,Los Angeles Clippers,88,Box Score,,19060,
Sat May 12 2012,8:00 pm,Philadelphia 76ers,91,Boston Celtics,92,Box Score,,18624,
Sat May 12 2012,7:30 pm,Denver Nuggets,87,Los Angeles Lakers,96,Box Score,,18997,
Sun May 13 2012,12:00 pm,Los Angeles Clippers,82,Memphis Grizzlies,72,Box Score,,18119,
Sun May 13 2012,3:30 pm,Indiana Pacers,86,Miami Heat,95,Box Score,,19600,
Mon May 14 2012,7:00 pm,Philadelphia 76ers,82,Boston Celtics,81,Box Score,,18624,
Mon May 14 2012,8:30 pm,Los Angeles Lakers,90,Oklahoma City Thunder,119,Box Score,,18203,
Tue May 15 2012,7:00 pm,Indiana Pacers,78,Miami Heat,75,Box Score,,19828,
Tue May 15 2012,8:30 pm,Los Angeles Clippers,92,San Antonio Spurs,108,Box Score,,18581,
Wed May 16 2012,8:30 pm,Los Angeles Lakers,75,Oklahoma City Thunder,77,Box Score,,18203,
Wed May 16 2012,7:00 pm,Boston Celtics,107,Philadelphia 76ers,91,Box Score,,20351,
Thu May 17 2012,7:00 pm,Miami Heat,75,Indiana Pacers,94,Box Score,,18165,
Thu May 17 2012,8:30 pm,Los Angeles Clippers,88,San Antonio Spurs,105,Box Score,,18581,
Fri May 18 2012,7:30 pm,Oklahoma City Thunder,96,Los Angeles Lakers,99,Box Score,,18997,
Fri May 18 2012,8:00 pm,Boston Celtics,83,Philadelphia 76ers,92,Box Score,,20411,
Sat May 19 2012,12:30 pm,San Antonio Spurs,96,Los Angeles Clippers,86,Box Score,,19060,
Sat May 19 2012,7:30 pm,Oklahoma City Thunder,103,Los Angeles Lakers,100,Box Score,,18997,
Sun May 20 2012,3:30 pm,Miami Heat,101,Indiana Pacers,93,Box Score,,18165,
Sun May 20 2012,7:30 pm,San Antonio Spurs,102,Los Angeles Clippers,99,Box Score,,19060,
Mon May 21 2012,7:00 pm,Philadelphia 76ers,85,Boston Celtics,101,Box Score,,18624,
Mon May 21 2012,8:30 pm,Los Angeles Lakers,90,Oklahoma City Thunder,106,Box Score,,18203,
Tue May 22 2012,8:00 pm,Indiana Pacers,83,Miami Heat,115,Box Score,,20097,
Wed May 23 2012,8:00 pm,Boston Celtics,75,Philadelphia 76ers,82,Box Score,,20403,
Thu May 24 2012,8:00 pm,Miami Heat,105,Indiana Pacers,93,Box Score,,18165,
Sat May 26 2012,8:00 pm,Philadelphia 76ers,75,Boston Celtics,85,Box Score,,18624,
Sun May 27 2012,7:30 pm,Oklahoma City Thunder,98,San Antonio Spurs,101,Box Score,,18581,
Mon May 28 2012,8:30 pm,Boston Celtics,79,Miami Heat,93,Box Score,,19912,
Tue May 29 2012,8:00 pm,Oklahoma City Thunder,111,San Antonio Spurs,120,Box Score,,18581,
Wed May 30 2012,8:30 pm,Boston Celtics,111,Miami Heat,115,Box Score,OT,19973,
Thu May 31 2012,8:00 pm,San Antonio Spurs,82,Oklahoma City Thunder,102,Box Score,,18203,
Fri Jun 1 2012,8:30 pm,Miami Heat,91,Boston Celtics,101,Box Score,,18624,
Sat Jun 2 2012,7:30 pm,San Antonio Spurs,103,Oklahoma City Thunder,109,Box Score,,18203,
Sun Jun 3 2012,8:30 pm,Miami Heat,91,Boston Celtics,93,Box Score,OT,18624,
Mon Jun 4 2012,8:00 pm,Oklahoma City Thunder,108,San Antonio Spurs,103,Box Score,,18581,
Tue Jun 5 2012,8:30 pm,Boston Celtics,94,Miami Heat,90,Box Score,,20021,
Wed Jun 6 2012,8:00 pm,San Antonio Spurs,99,Oklahoma City Thunder,107,Box Score,,18203,
Thu Jun 7 2012,8:30 pm,Miami Heat,98,Boston Celtics,79,Box Score,,18624,
Sat Jun 9 2012,8:30 pm,Boston Celtics,88,Miami Heat,101,Box Score,,20114,
Tue Jun 12 2012,8:00 pm,Miami Heat,94,Oklahoma City Thunder,105,Box Score,,18203,
Thu Jun 14 2012,8:00 pm,Miami Heat,100,Oklahoma City Thunder,96,Box Score,,18203,
Sun Jun 17 2012,8:00 pm,Oklahoma City Thunder,85,Miami Heat,91,Box Score,,20003,
Tue Jun 19 2012,9:00 pm,Oklahoma City Thunder,98,Miami Heat,104,Box Score,,20003,
Thu Jun 21 2012,9:00 pm,Oklahoma City Thunder,106,Miami Heat,121,Box Score,,20003,