Visitor/Neutral,Home/Neutral
Miami Heat,Dallas Mavericks
Los Angeles Clippers,Golden State Warriors
Chicago Bulls,Los Angeles Lakers
Boston Celtics,New York Knicks
Orlando Magic,Oklahoma City Thunder
Milwaukee Bucks,Charlotte Hornets
Toronto Raptors,Cleveland Cavaliers
Denver Nuggets,Dallas Mavericks
Chicago Bulls,Golden State Warriors
Detroit Pistons,Indiana Pacers
Oklahoma City Thunder,Minnesota Timberwolves
Houston Rockets,Orlando Magic
New Orleans Pelicans,Phoenix Suns
Philadelphia 76ers,Portland Trail Blazers
Los Angeles Lakers,Sacramento Kings
Memphis Grizzlies,San Antonio Spurs
Brooklyn Nets,Washington Wizards
Utah Jazz,Los Angeles Lakers
Boston Celtics,Miami Heat
Minnesota Timberwolves,Milwaukee Bucks
Atlanta Hawks,Brooklyn Nets
Sacramento Kings,Portland Trail Blazers
Washington Wizards,Atlanta Hawks
Miami Heat,Charlotte Hornets
Utah Jazz,Denver Nuggets
Cleveland Cavaliers,Detroit Pistons
New York Knicks,Golden State Warriors
Oklahoma City Thunder,Memphis Grizzlies
Boston Celtics,New Orleans Pelicans
Philadelphia 76ers,Phoenix Suns
Los Angeles Clippers,San Antonio Spurs
Indiana Pacers,Toronto Raptors
San Antonio Spurs,Houston Rockets
New York Knicks,Los Angeles Lakers
Dallas Mavericks,Oklahoma City Thunder
Brooklyn Nets,Orlando Magic
Denver Nuggets,Portland Trail Blazers
Chicago Bulls,Sacramento Kings
Brooklyn Nets,Atlanta Hawks
Detroit Pistons,Boston Celtics
Orlando Magic,Charlotte Hornets
Toronto Raptors,Dallas Mavericks
Cleveland Cavaliers,Indiana Pacers
Chicago Bulls,Los Angeles Clippers
Houston Rockets,Memphis Grizzlies
Washington Wizards,Milwaukee Bucks
Miami Heat,Minnesota Timberwolves
Phoenix Suns,New Orleans Pelicans
Philadelphia 76ers,Utah Jazz
Indiana Pacers,Detroit Pistons
Philadelphia 76ers,Golden State Warriors
Atlanta Hawks,Houston Rockets
Denver Nuggets,Los Angeles Lakers
Phoenix Suns,Oklahoma City Thunder
New York Knicks,Sacramento Kings
Utah Jazz,San Antonio Spurs
Memphis Grizzlies,Chicago Bulls
Brooklyn Nets,Cleveland Cavaliers
Los Angeles Lakers,Denver Nuggets
Portland Trail Blazers,Los Angeles Clippers
Charlotte Hornets,Miami Heat
Dallas Mavericks,Minnesota Timberwolves
Toronto Raptors,Orlando Magic
New Orleans Pelicans,Sacramento Kings
Boston Celtics,Washington Wizards
Washington Wizards,Boston Celtics
Oklahoma City Thunder,Dallas Mavericks
Milwaukee Bucks,Denver Nuggets
Orlando Magic,Detroit Pistons
Atlanta Hawks,Miami Heat
San Antonio Spurs,Minnesota Timberwolves
Indiana Pacers,Brooklyn Nets
Toronto Raptors,New York Knicks
Golden State Warriors,Phoenix Suns
New Orleans Pelicans,Utah Jazz
Atlanta Hawks,Chicago Bulls
Charlotte Hornets,Cleveland Cavaliers
Houston Rockets,Los Angeles Lakers
Sacramento Kings,Memphis Grizzlies
Portland Trail Blazers,Oklahoma City Thunder
Milwaukee Bucks,Utah Jazz
Brooklyn Nets,Boston Celtics
Phoenix Suns,Dallas Mavericks
Sacramento Kings,Denver Nuggets
Chicago Bulls,Detroit Pistons
Houston Rockets,Los Angeles Clippers
Indiana Pacers,Miami Heat
Memphis Grizzlies,Minnesota Timberwolves
Philadelphia 76ers,New Orleans Pelicans
Charlotte Hornets,New York Knicks
Washington Wizards,Orlando Magic
Golden State Warriors,San Antonio Spurs
Cleveland Cavaliers,Toronto Raptors
Miami Heat,Atlanta Hawks
Los Angeles Lakers,Portland Trail Blazers
Milwaukee Bucks,Sacramento Kings
Dallas Mavericks,San Antonio Spurs
Indiana Pacers,Boston Celtics
Atlanta Hawks,Charlotte Hornets
Golden State Warriors,Los Angeles Lakers
Cleveland Cavaliers,Minnesota Timberwolves
Denver Nuggets,New Orleans Pelicans
Houston Rockets,Oklahoma City Thunder
Chicago Bulls,Orlando Magic
Detroit Pistons,Philadelphia 76ers
Portland Trail Blazers,Phoenix Suns
Brooklyn Nets,Toronto Raptors
Memphis Grizzlies,Utah Jazz
New York Knicks,Washington Wizards
Chicago Bulls,Atlanta Hawks
New Orleans Pelicans,Dallas Mavericks
New York Knicks,Detroit Pistons
Utah Jazz,Golden State Warriors
Oklahoma City Thunder,Houston Rockets
Charlotte Hornets,Indiana Pacers
Milwaukee Bucks,Los Angeles Clippers
Miami Heat,Brooklyn Nets
Toronto Raptors,Philadelphia 76ers
Denver Nuggets,San Antonio Spurs
Memphis Grizzlies,Los Angeles Lakers
San Antonio Spurs,Oklahoma City Thunder
Milwaukee Bucks,Phoenix Suns
Cleveland Cavaliers,Portland Trail Blazers
Orlando Magic,Sacramento Kings
Minnesota Timberwolves,Washington Wizards
Detroit Pistons,Chicago Bulls
New Orleans Pelicans,Denver Nuggets
Atlanta Hawks,Brooklyn Nets
Charlotte Hornets,New York Knicks
Indiana Pacers,Philadelphia 76ers
Minnesota Timberwolves,Toronto Raptors
Houston Rockets,Charlotte Hornets
Dallas Mavericks,Detroit Pistons
Miami Heat,Golden State Warriors
Phoenix Suns,Los Angeles Lakers
Oklahoma City Thunder,Memphis Grizzlies
San Antonio Spurs,Milwaukee Bucks
Chicago Bulls,Minnesota Timberwolves
Sacramento Kings,Philadelphia 76ers
Los Angeles Clippers,Portland Trail Blazers
Cleveland Cavaliers,Utah Jazz
Toronto Raptors,Washington Wizards
Dallas Mavericks,Boston Celtics
Washington Wizards,Chicago Bulls
Brooklyn Nets,Denver Nuggets
Atlanta Hawks,Indiana Pacers
Miami Heat,Los Angeles Clippers
Oklahoma City Thunder,New Orleans Pelicans
Philadelphia 76ers,New York Knicks
Orlando Magic,Portland Trail Blazers
Houston Rockets,San Antonio Spurs
Sacramento Kings,Toronto Raptors
Los Angeles Lakers,Utah Jazz
Charlotte Hornets,Atlanta Hawks
Orlando Magic,Golden State Warriors
New York Knicks,Memphis Grizzlies
Detroit Pistons,Milwaukee Bucks
Cleveland Cavaliers,Phoenix Suns
Chicago Bulls,Boston Celtics
Detroit Pistons,Charlotte Hornets
Milwaukee Bucks,Dallas Mavericks
Miami Heat,Denver Nuggets
Sacramento Kings,Houston Rockets
Cleveland Cavaliers,Los Angeles Lakers
Minnesota Timberwolves,New Orleans Pelicans
Washington Wizards,Philadelphia 76ers
Brooklyn Nets,Phoenix Suns
Portland Trail Blazers,San Antonio Spurs
Indiana Pacers,Toronto Raptors
Minnesota Timberwolves,Atlanta Hawks
Golden State Warriors,Charlotte Hornets
Toronto Raptors,Chicago Bulls
Sacramento Kings,Dallas Mavericks
Portland Trail Blazers,Houston Rockets
Boston Celtics,Indiana Pacers
Los Angeles Lakers,Los Angeles Clippers
New Orleans Pelicans,Memphis Grizzlies
New York Knicks,Oklahoma City Thunder
Brooklyn Nets,Utah Jazz
Philadelphia 76ers,Washington Wizards
Utah Jazz,Denver Nuggets
Golden State Warriors,Detroit Pistons
Phoenix Suns,San Antonio Spurs
Toronto Raptors,Atlanta Hawks
Oklahoma City Thunder,Boston Celtics
Cleveland Cavaliers,Charlotte Hornets
Brooklyn Nets,Los Angeles Clippers
Dallas Mavericks,Los Angeles Lakers
Chicago Bulls,Memphis Grizzlies
Sacramento Kings,Minnesota Timberwolves
Portland Trail Blazers,New Orleans Pelicans
Orlando Magic,New York Knicks
Milwaukee Bucks,Philadelphia 76ers
Houston Rockets,Washington Wizards
Phoenix Suns,Chicago Bulls
Golden State Warriors,Cleveland Cavaliers
Detroit Pistons,Houston Rockets
San Antonio Spurs,Miami Heat
Denver Nuggets,Milwaukee Bucks
Charlotte Hornets,Orlando Magic
Los Angeles Clippers,Utah Jazz
Portland Trail Blazers,Atlanta Hawks
Toronto Raptors,Boston Celtics
Dallas Mavericks,Los Angeles Clippers
Detroit Pistons,Minnesota Timberwolves
Golden State Warriors,Brooklyn Nets
Memphis Grizzlies,New Orleans Pelicans
Phoenix Suns,New York Knicks
San Antonio Spurs,Orlando Magic
Denver Nuggets,Philadelphia 76ers
Indiana Pacers,Sacramento Kings
Oklahoma City Thunder,Washington Wizards
New Orleans Pelicans,Houston Rockets
Los Angeles Lakers,Miami Heat
Dallas Mavericks,Utah Jazz
Phoenix Suns,Boston Celtics
Chicago Bulls,Cleveland Cavaliers
Memphis Grizzlies,Detroit Pistons
Indiana Pacers,Golden State Warriors
Minnesota Timberwolves,Los Angeles Clippers
Milwaukee Bucks,New York Knicks
Los Angeles Lakers,Orlando Magic
Atlanta Hawks,Philadelphia 76ers
Sacramento Kings,San Antonio Spurs
Portland Trail Blazers,Toronto Raptors
Denver Nuggets,Washington Wizards
Cleveland Cavaliers,Atlanta Hawks
Charlotte Hornets,Chicago Bulls
Portland Trail Blazers,Detroit Pistons
San Antonio Spurs,Houston Rockets
Sacramento Kings,Memphis Grizzlies
Philadelphia 76ers,Miami Heat
Oklahoma City Thunder,Brooklyn Nets
Dallas Mavericks,New Orleans Pelicans
Denver Nuggets,New York Knicks
Minnesota Timberwolves,Utah Jazz
Toronto Raptors,Los Angeles Clippers
Indiana Pacers,Los Angeles Lakers
Milwaukee Bucks,Miami Heat
Charlotte Hornets,Brooklyn Nets
Boston Celtics,Washington Wizards
Orlando Magic,Boston Celtics
Brooklyn Nets,Chicago Bulls
Phoenix Suns,Dallas Mavericks
Memphis Grizzlies,Golden State Warriors
Atlanta Hawks,Milwaukee Bucks
Houston Rockets,Minnesota Timberwolves
San Antonio Spurs,New Orleans Pelicans
Detroit Pistons,Oklahoma City Thunder
Washington Wizards,Philadelphia 76ers
Sacramento Kings,Portland Trail Blazers
New York Knicks,Charlotte Hornets
Orlando Magic,Indiana Pacers
Cleveland Cavaliers,Miami Heat
Toronto Raptors,Phoenix Suns
Memphis Grizzlies,Portland Trail Blazers
Indiana Pacers,Chicago Bulls
New York Knicks,Cleveland Cavaliers
Minnesota Timberwolves,Dallas Mavericks
Miami Heat,Detroit Pistons
Portland Trail Blazers,Golden State Warriors
Milwaukee Bucks,Houston Rockets
Los Angeles Clippers,Los Angeles Lakers
New Orleans Pelicans,Oklahoma City Thunder
Brooklyn Nets,Philadelphia 76ers
Denver Nuggets,Sacramento Kings
Atlanta Hawks,San Antonio Spurs
Toronto Raptors,Utah Jazz
Charlotte Hornets,Washington Wizards
Memphis Grizzlies,Los Angeles Clippers
Boston Celtics,Orlando Magic
Indiana Pacers,Boston Celtics
Milwaukee Bucks,Chicago Bulls
Brooklyn Nets,Cleveland Cavaliers
Utah Jazz,Dallas Mavericks
Toronto Raptors,Denver Nuggets
Atlanta Hawks,Detroit Pistons
Oklahoma City Thunder,Golden State Warriors
Washington Wizards,Houston Rockets
New York Knicks,Miami Heat
San Antonio Spurs,Minnesota Timberwolves
Orlando Magic,New Orleans Pelicans
Charlotte Hornets,Philadelphia 76ers
Phoenix Suns,Portland Trail Blazers
Washington Wizards,Charlotte Hornets
New York Knicks,Houston Rockets
Los Angeles Lakers,Milwaukee Bucks
Detroit Pistons,Philadelphia 76ers
Memphis Grizzlies,Phoenix Suns
Sacramento Kings,Utah Jazz
Cleveland Cavaliers,Boston Celtics
San Antonio Spurs,Dallas Mavericks
Los Angeles Clippers,Denver Nuggets
Chicago Bulls,Miami Heat
Los Angeles Lakers,Minnesota Timberwolves
Toronto Raptors,Brooklyn Nets
Atlanta Hawks,New Orleans Pelicans
Indiana Pacers,Orlando Magic
Minnesota Timberwolves,Houston Rockets
Oklahoma City Thunder,Los Angeles Clippers
San Antonio Spurs,Memphis Grizzlies
New Orleans Pelicans,Miami Heat
Detroit Pistons,Milwaukee Bucks
Orlando Magic,Philadelphia 76ers
Dallas Mavericks,Phoenix Suns
Portland Trail Blazers,Utah Jazz
Chicago Bulls,Washington Wizards
Boston Celtics,Cleveland Cavaliers
Sacramento Kings,Golden State Warriors
Brooklyn Nets,Indiana Pacers
Charlotte Hornets,Los Angeles Lakers
Denver Nuggets,Memphis Grizzlies
Detroit Pistons,New York Knicks
Atlanta Hawks,Toronto Raptors
Toronto Raptors,Boston Celtics
Oklahoma City Thunder,Dallas Mavericks
Miami Heat,Milwaukee Bucks
Indiana Pacers,Minnesota Timberwolves
Detroit Pistons,Brooklyn Nets
Phoenix Suns,New Orleans Pelicans
Washington Wizards,Orlando Magic
Chicago Bulls,Philadelphia 76ers
Charlotte Hornets,Portland Trail Blazers
Houston Rockets,San Antonio Spurs
Los Angeles Clippers,Utah Jazz
Memphis Grizzlies,Atlanta Hawks
Utah Jazz,Golden State Warriors
Denver Nuggets,Los Angeles Clippers
Chicago Bulls,New York Knicks
Portland Trail Blazers,Sacramento Kings
New Orleans Pelicans,San Antonio Spurs
New York Knicks,Boston Celtics
Indiana Pacers,Dallas Mavericks
Los Angeles Lakers,Denver Nuggets
Milwaukee Bucks,Detroit Pistons
Phoenix Suns,Houston Rockets
Minnesota Timberwolves,Brooklyn Nets
Memphis Grizzlies,Oklahoma City Thunder
Cleveland Cavaliers,Orlando Magic
Miami Heat,Philadelphia 76ers
Washington Wizards,Toronto Raptors
Philadelphia 76ers,Atlanta Hawks
Dallas Mavericks,Cleveland Cavaliers
New Orleans Pelicans,Detroit Pistons
Orlando Magic,Indiana Pacers
Chicago Bulls,Milwaukee Bucks
Houston Rockets,Minnesota Timberwolves
Brooklyn Nets,New York Knicks
Charlotte Hornets,Phoenix Suns
Denver Nuggets,Portland Trail Blazers
Golden State Warriors,Sacramento Kings
Oklahoma City Thunder,San Antonio Spurs
Los Angeles Lakers,Utah Jazz
Los Angeles Clippers,Washington Wizards
Memphis Grizzlies,Boston Celtics
Toronto Raptors,Miami Heat
Phoenix Suns,Atlanta Hawks
Houston Rockets,Denver Nuggets
San Antonio Spurs,Memphis Grizzlies
Chicago Bulls,Brooklyn Nets
Sacramento Kings,New Orleans Pelicans
Utah Jazz,New York Knicks
Los Angeles Clippers,Orlando Magic
Los Angeles Lakers,Philadelphia 76ers
Oklahoma City Thunder,Portland Trail Blazers
Toronto Raptors,Washington Wizards
Charlotte Hornets,Boston Celtics
Oklahoma City Thunder,Golden State Warriors
Utah Jazz,Indiana Pacers
Cleveland Cavaliers,Miami Heat
Phoenix Suns,Milwaukee Bucks
Sacramento Kings,Minnesota Timberwolves
Indiana Pacers,Atlanta Hawks
Los Angeles Clippers,Cleveland Cavaliers
Dallas Mavericks,Denver Nuggets
Minnesota Timberwolves,Memphis Grizzlies
Detroit Pistons,Brooklyn Nets
Chicago Bulls,New Orleans Pelicans
Miami Heat,Orlando Magic
San Antonio Spurs,Philadelphia 76ers
Houston Rockets,Portland Trail Blazers
Milwaukee Bucks,Toronto Raptors
New York Knicks,Washington Wizards
Los Angeles Lakers,Boston Celtics
Golden State Warriors,Denver Nuggets
Houston Rockets,Phoenix Suns
Oklahoma City Thunder,Sacramento Kings
Chicago Bulls,Charlotte Hornets
Milwaukee Bucks,Cleveland Cavaliers
Brooklyn Nets,Detroit Pistons
Indiana Pacers,Memphis Grizzlies
Dallas Mavericks,Minnesota Timberwolves
Portland Trail Blazers,New Orleans Pelicans
Los Angeles Lakers,New York Knicks
Atlanta Hawks,Orlando Magic
Los Angeles Clippers,Philadelphia 76ers
Boston Celtics,Toronto Raptors
Oklahoma City Thunder,Utah Jazz
Miami Heat,Washington Wizards
Los Angeles Clippers,Charlotte Hornets
Philadelphia 76ers,Cleveland Cavaliers
Portland Trail Blazers,Dallas Mavericks
Denver Nuggets,Indiana Pacers
Orlando Magic,Milwaukee Bucks
New York Knicks,Minnesota Timberwolves
San Antonio Spurs,Brooklyn Nets
Phoenix Suns,Sacramento Kings
Miami Heat,Atlanta Hawks
Chicago Bulls,Boston Celtics
Washington Wizards,Detroit Pistons
Houston Rockets,Golden State Warriors
Utah Jazz,Memphis Grizzlies
Los Angeles Lakers,Toronto Raptors
Philadelphia 76ers,Charlotte Hornets
Los Angeles Clippers,Dallas Mavericks
Phoenix Suns,Golden State Warriors
Miami Heat,Milwaukee Bucks
Utah Jazz,New Orleans Pelicans
Minnesota Timberwolves,Orlando Magic
Sacramento Kings,Chicago Bulls
Phoenix Suns,Denver Nuggets
San Antonio Spurs,Detroit Pistons
Miami Heat,Indiana Pacers
Atlanta Hawks,Los Angeles Lakers
Houston Rockets,Memphis Grizzlies
Utah Jazz,Oklahoma City Thunder
Washington Wizards,Portland Trail Blazers
New York Knicks,Toronto Raptors
Detroit Pistons,Boston Celtics
Indiana Pacers,Cleveland Cavaliers
Denver Nuggets,Dallas Mavericks
Portland Trail Blazers,Golden State Warriors
Oklahoma City Thunder,Houston Rockets
Washington Wizards,Los Angeles Clippers
New Orleans Pelicans,Milwaukee Bucks
Charlotte Hornets,Minnesota Timberwolves
Memphis Grizzlies,Brooklyn Nets
Sacramento Kings,New York Knicks
Philadelphia 76ers,Orlando Magic
Atlanta Hawks,Phoenix Suns
San Antonio Spurs,Toronto Raptors
Boston Celtics,Chicago Bulls
Brooklyn Nets,Indiana Pacers
Los Angeles Clippers,Portland Trail Blazers
Miami Heat,Cleveland Cavaliers
Sacramento Kings,Detroit Pistons
Minnesota Timberwolves,Houston Rockets
Phoenix Suns,Los Angeles Lakers
Denver Nuggets,Memphis Grizzlies
New Orleans Pelicans,New York Knicks
Golden State Warriors,Oklahoma City Thunder
Milwaukee Bucks,Orlando Magic
Dallas Mavericks,Philadelphia 76ers
Charlotte Hornets,Toronto Raptors
Washington Wizards,Utah Jazz
Brooklyn Nets,Chicago Bulls
San Antonio Spurs,Los Angeles Clippers
Golden State Warriors,Memphis Grizzlies
Atlanta Hawks,Portland Trail Blazers
Sacramento Kings,Cleveland Cavaliers
Boston Celtics,Detroit Pistons
Utah Jazz,Houston Rockets
Charlotte Hornets,Indiana Pacers
Orlando Magic,Miami Heat
Philadelphia 76ers,Minnesota Timberwolves
Milwaukee Bucks,Brooklyn Nets
Dallas Mavericks,New York Knicks
Denver Nuggets,Oklahoma City Thunder
Los Angeles Lakers,Phoenix Suns
Atlanta Hawks,Chicago Bulls
Boston Celtics,Dallas Mavericks
Minnesota Timberwolves,Denver Nuggets
Los Angeles Clippers,Golden State Warriors
Memphis Grizzlies,Houston Rockets
Portland Trail Blazers,Los Angeles Lakers
Orlando Magic,Milwaukee Bucks
Brooklyn Nets,New York Knicks
New Orleans Pelicans,Oklahoma City Thunder
Washington Wizards,Phoenix Suns
San Antonio Spurs,Utah Jazz
Detroit Pistons,Cleveland Cavaliers
New Orleans Pelicans,Indiana Pacers
Philadelphia 76ers,Memphis Grizzlies
Sacramento Kings,Miami Heat
San Antonio Spurs,Portland Trail Blazers
Indiana Pacers,Charlotte Hornets
Milwaukee Bucks,Chicago Bulls
New Orleans Pelicans,Cleveland Cavaliers
Los Angeles Lakers,Dallas Mavericks
Philadelphia 76ers,Houston Rockets
Denver Nuggets,Los Angeles Clippers
Utah Jazz,Minnesota Timberwolves
Orlando Magic,Brooklyn Nets
Atlanta Hawks,New York Knicks
Boston Celtics,Oklahoma City Thunder
Golden State Warriors,Phoenix Suns
Detroit Pistons,Toronto Raptors
Sacramento Kings,Washington Wizards
Orlando Magic,Atlanta Hawks
San Antonio Spurs,Denver Nuggets
New York Knicks,Miami Heat
Los Angeles Lakers,Oklahoma City Thunder
New Orleans Pelicans,Chicago Bulls
Boston Celtics,Cleveland Cavaliers
Brooklyn Nets,Dallas Mavericks
Philadelphia 76ers,Detroit Pistons
Toronto Raptors,Houston Rockets
Golden State Warriors,Indiana Pacers
Minnesota Timberwolves,Los Angeles Clippers
Washington Wizards,Milwaukee Bucks
Utah Jazz,Sacramento Kings
Golden State Warriors,Atlanta Hawks
Milwaukee Bucks,Boston Celtics
Portland Trail Blazers,Denver Nuggets
Charlotte Hornets,Detroit Pistons
Minnesota Timberwolves,Los Angeles Lakers
Dallas Mavericks,Memphis Grizzlies
Toronto Raptors,New Orleans Pelicans
Cleveland Cavaliers,New York Knicks
Oklahoma City Thunder,Philadelphia 76ers
Chicago Bulls,San Antonio Spurs
Houston Rockets,Utah Jazz
Orlando Magic,Washington Wizards
Oklahoma City Thunder,Orlando Magic
Minnesota Timberwolves,Phoenix Suns
Miami Heat,Portland Trail Blazers
Los Angeles Clippers,Sacramento Kings
Milwaukee Bucks,Atlanta Hawks
Brooklyn Nets,Boston Celtics
Chicago Bulls,Cleveland Cavaliers
Denver Nuggets,Houston Rockets
Sacramento Kings,Los Angeles Lakers
Dallas Mavericks,New Orleans Pelicans
Golden State Warriors,Philadelphia 76ers
Los Angeles Clippers,Phoenix Suns
Charlotte Hornets,San Antonio Spurs
Memphis Grizzlies,Toronto Raptors
Miami Heat,Utah Jazz
Oklahoma City Thunder,Atlanta Hawks
Utah Jazz,Dallas Mavericks
Detroit Pistons,Memphis Grizzlies
Indiana Pacers,New Orleans Pelicans
Milwaukee Bucks,Orlando Magic
Minnesota Timberwolves,Portland Trail Blazers
Cleveland Cavaliers,Washington Wizards
New York Knicks,Boston Celtics
Brooklyn Nets,Charlotte Hornets
Los Angeles Clippers,Houston Rockets
Miami Heat,Los Angeles Lakers
Chicago Bulls,Philadelphia 76ers
Sacramento Kings,Phoenix Suns
Denver Nuggets,San Antonio Spurs
Golden State Warriors,Toronto Raptors
Indiana Pacers,Chicago Bulls
Utah Jazz,Cleveland Cavaliers
Sacramento Kings,Denver Nuggets
Philadelphia 76ers,Milwaukee Bucks
Los Angeles Clippers,Minnesota Timberwolves
Dallas Mavericks,Oklahoma City Thunder
New Orleans Pelicans,Portland Trail Blazers
Orlando Magic,Toronto Raptors
Golden State Warriors,Washington Wizards
Houston Rockets,Boston Celtics
Orlando Magic,Charlotte Hornets
New York Knicks,Dallas Mavericks
Los Angeles Lakers,Detroit Pistons
Atlanta Hawks,Indiana Pacers
Brooklyn Nets,Miami Heat
Utah Jazz,Charlotte Hornets
Cleveland Cavaliers,Denver Nuggets
Memphis Grizzlies,Golden State Warriors
Atlanta Hawks,Miami Heat
Chicago Bulls,Milwaukee Bucks
Portland Trail Blazers,Minnesota Timberwolves
Los Angeles Clippers,Brooklyn Nets
Phoenix Suns,Oklahoma City Thunder
Boston Celtics,Philadelphia 76ers
New Orleans Pelicans,Sacramento Kings
New York Knicks,San Antonio Spurs
Houston Rockets,Toronto Raptors
Los Angeles Lakers,Washington Wizards
Orlando Magic,Chicago Bulls
Dallas Mavericks,Phoenix Suns
Portland Trail Blazers,Boston Celtics
Brooklyn Nets,Charlotte Hornets
New Orleans Pelicans,Denver Nuggets
Atlanta Hawks,Detroit Pistons
New York Knicks,Milwaukee Bucks
Los Angeles Lakers,Minnesota Timberwolves
Cleveland Cavaliers,Oklahoma City Thunder
Utah Jazz,Philadelphia 76ers
Dallas Mavericks,Sacramento Kings
Los Angeles Clippers,San Antonio Spurs
Utah Jazz,Chicago Bulls
Toronto Raptors,Detroit Pistons
Dallas Mavericks,Golden State Warriors
Indiana Pacers,Miami Heat
New Orleans Pelicans,Minnesota Timberwolves
Houston Rockets,Brooklyn Nets
Charlotte Hornets,Oklahoma City Thunder
Memphis Grizzlies,Phoenix Suns
Portland Trail Blazers,Washington Wizards
Houston Rockets,Cleveland Cavaliers
Memphis Grizzlies,Denver Nuggets
Golden State Warriors,Los Angeles Clippers
Boston Celtics,Los Angeles Lakers
Philadelphia 76ers,New York Knicks
Indiana Pacers,Orlando Magic
Atlanta Hawks,Sacramento Kings
Milwaukee Bucks,Toronto Raptors
New York Knicks,Chicago Bulls
Boston Celtics,Los Angeles Clippers
Milwaukee Bucks,Brooklyn Nets
Charlotte Hornets,New Orleans Pelicans
Minnesota Timberwolves,Phoenix Suns
Washington Wizards,San Antonio Spurs
Detroit Pistons,Utah Jazz
Toronto Raptors,Cleveland Cavaliers
Washington Wizards,Dallas Mavericks
Atlanta Hawks,Denver Nuggets
Portland Trail Blazers,Indiana Pacers
Los Angeles Lakers,Memphis Grizzlies
Houston Rockets,Oklahoma City Thunder
Miami Heat,Orlando Magic
Golden State Warriors,Sacramento Kings
Miami Heat,Chicago Bulls
Boston Celtics,Golden State Warriors
Charlotte Hornets,Houston Rockets
Philadelphia 76ers,Indiana Pacers
Atlanta Hawks,Los Angeles Clippers
Cleveland Cavaliers,Milwaukee Bucks
Toronto Raptors,Brooklyn Nets
Los Angeles Lakers,New Orleans Pelicans
Portland Trail Blazers,New York Knicks
Utah Jazz,Phoenix Suns
Detroit Pistons,Sacramento Kings
Orlando Magic,San Antonio Spurs
Charlotte Hornets,Dallas Mavericks
Oklahoma City Thunder,Denver Nuggets
Phoenix Suns,Los Angeles Clippers
Washington Wizards,New Orleans Pelicans
Minnesota Timberwolves,Utah Jazz
Washington Wizards,Atlanta Hawks
Portland Trail Blazers,Chicago Bulls
Milwaukee Bucks,Golden State Warriors
Minnesota Timberwolves,Los Angeles Lakers
Toronto Raptors,Memphis Grizzlies
Indiana Pacers,New York Knicks
San Antonio Spurs,Oklahoma City Thunder
Brooklyn Nets,Orlando Magic
Miami Heat,Philadelphia 76ers
Detroit Pistons,Phoenix Suns
Boston Celtics,Sacramento Kings
Toronto Raptors,Charlotte Hornets
Philadelphia 76ers,Chicago Bulls
San Antonio Spurs,Dallas Mavericks
Boston Celtics,Denver Nuggets
New York Knicks,Indiana Pacers
Houston Rockets,Los Angeles Clippers
New Orleans Pelicans,Brooklyn Nets
Golden State Warriors,Utah Jazz
Atlanta Hawks,Cleveland Cavaliers
Detroit Pistons,Los Angeles Clippers
Utah Jazz,Los Angeles Lakers
Washington Wizards,Memphis Grizzlies
Orlando Magic,Miami Heat
Portland Trail Blazers,Oklahoma City Thunder
Houston Rockets,Phoenix Suns
Minnesota Timberwolves,Sacramento Kings
Boston Celtics,Atlanta Hawks
Philadelphia 76ers,Charlotte Hornets
Dallas Mavericks,Denver Nuggets
Minnesota Timberwolves,Golden State Warriors
Cleveland Cavaliers,Brooklyn Nets
Chicago Bulls,Orlando Magic
Los Angeles Lakers,Houston Rockets
Los Angeles Clippers,Indiana Pacers
Phoenix Suns,Miami Heat
Toronto Raptors,New York Knicks
Milwaukee Bucks,Portland Trail Blazers
Memphis Grizzlies,Sacramento Kings
Oklahoma City Thunder,Utah Jazz
Cleveland Cavaliers,Atlanta Hawks
Los Angeles Lakers,Dallas Mavericks
Detroit Pistons,Denver Nuggets
Washington Wizards,Brooklyn Nets
Golden State Warriors,New Orleans Pelicans
Los Angeles Clippers,Oklahoma City Thunder
Phoenix Suns,Orlando Magic
New York Knicks,Philadelphia 76ers
Minnesota Timberwolves,San Antonio Spurs
Chicago Bulls,Toronto Raptors
Golden State Warriors,Houston Rockets
Boston Celtics,Milwaukee Bucks
Los Angeles Clippers,New Orleans Pelicans
Memphis Grizzlies,Portland Trail Blazers
Utah Jazz,Sacramento Kings
Indiana Pacers,Washington Wizards
Brooklyn Nets,Atlanta Hawks
Milwaukee Bucks,Charlotte Hornets
Miami Heat,Detroit Pistons
Phoenix Suns,Indiana Pacers
Portland Trail Blazers,Los Angeles Lakers
Minnesota Timberwolves,Oklahoma City Thunder
Cleveland Cavaliers,Orlando Magic
Boston Celtics,Philadelphia 76ers
Dallas Mavericks,San Antonio Spurs
New York Knicks,Toronto Raptors
Denver Nuggets,Utah Jazz
Toronto Raptors,Chicago Bulls
Sacramento Kings,Golden State Warriors
Dallas Mavericks,Houston Rockets
Memphis Grizzlies,Los Angeles Clippers
Indiana Pacers,Milwaukee Bucks
Charlotte Hornets,Brooklyn Nets
San Antonio Spurs,New Orleans Pelicans
Detroit Pistons,New York Knicks
Atlanta Hawks,Washington Wizards
Utah Jazz,Atlanta Hawks
Washington Wizards,Boston Celtics
Phoenix Suns,Cleveland Cavaliers
Memphis Grizzlies,Los Angeles Lakers
Denver Nuggets,Minnesota Timberwolves
Miami Heat,Oklahoma City Thunder
Golden State Warriors,Portland Trail Blazers
Philadelphia 76ers,San Antonio Spurs
Boston Celtics,Charlotte Hornets
Denver Nuggets,Chicago Bulls
Sacramento Kings,Houston Rockets
Miami Heat,Indiana Pacers
New Orleans Pelicans,Los Angeles Clippers
Utah Jazz,Brooklyn Nets
Milwaukee Bucks,New York Knicks
Orlando Magic,Toronto Raptors
Detroit Pistons,Washington Wizards
Houston Rockets,Dallas Mavericks
Los Angeles Lakers,Golden State Warriors
Minnesota Timberwolves,Memphis Grizzlies
Atlanta Hawks,Milwaukee Bucks
Cleveland Cavaliers,Philadelphia 76ers
San Antonio Spurs,Phoenix Suns
Oklahoma City Thunder,Portland Trail Blazers
Chicago Bulls,Atlanta Hawks
Utah Jazz,Boston Celtics
Minnesota Timberwolves,Charlotte Hornets
Detroit Pistons,Cleveland Cavaliers
New Orleans Pelicans,Golden State Warriors
Phoenix Suns,Los Angeles Clippers
Indiana Pacers,Brooklyn Nets
Orlando Magic,New York Knicks
San Antonio Spurs,Sacramento Kings
Denver Nuggets,Toronto Raptors
Washington Wizards,Indiana Pacers
Oklahoma City Thunder,Los Angeles Lakers
Dallas Mavericks,Miami Heat
New Orleans Pelicans,Portland Trail Blazers
New York Knicks,Atlanta Hawks
Denver Nuggets,Charlotte Hornets
Detroit Pistons,Chicago Bulls
Milwaukee Bucks,Cleveland Cavaliers
Brooklyn Nets,Golden State Warriors
Memphis Grizzlies,Houston Rockets
Portland Trail Blazers,Los Angeles Clippers
Boston Celtics,Minnesota Timberwolves
Dallas Mavericks,Orlando Magic
Miami Heat,Toronto Raptors
Sacramento Kings,Utah Jazz
Philadelphia 76ers,Washington Wizards
Charlotte Hornets,Detroit Pistons
Utah Jazz,Los Angeles Clippers
New Orleans Pelicans,Los Angeles Lakers
Memphis Grizzlies,Milwaukee Bucks
Cleveland Cavaliers,New York Knicks
Atlanta Hawks,Philadelphia 76ers
Brooklyn Nets,Sacramento Kings
Indiana Pacers,San Antonio Spurs
Miami Heat,Boston Celtics
Indiana Pacers,Houston Rockets
Golden State Warriors,Los Angeles Lakers
Chicago Bulls,Oklahoma City Thunder
Denver Nuggets,Orlando Magic
New Orleans Pelicans,Phoenix Suns
Minnesota Timberwolves,Portland Trail Blazers
Washington Wizards,Toronto Raptors
Houston Rockets,Chicago Bulls
Los Angeles Clippers,Dallas Mavericks
Memphis Grizzlies,Oklahoma City Thunder
Utah Jazz,Portland Trail Blazers
Minnesota Timberwolves,Sacramento Kings
Milwaukee Bucks,Washington Wizards
San Antonio Spurs,Cleveland Cavaliers
Orlando Magic,Detroit Pistons
New York Knicks,Indiana Pacers
Brooklyn Nets,Los Angeles Lakers
Golden State Warriors,Memphis Grizzlies
Philadelphia 76ers,Miami Heat
Phoenix Suns,Sacramento Kings
Charlotte Hornets,Toronto Raptors
Charlotte Hornets,Atlanta Hawks
San Antonio Spurs,Boston Celtics
Memphis Grizzlies,Dallas Mavericks
Los Angeles Lakers,Los Angeles Clippers
Oklahoma City Thunder,Miami Heat
Cleveland Cavaliers,Milwaukee Bucks
Golden State Warriors,Minnesota Timberwolves
Denver Nuggets,New Orleans Pelicans
Toronto Raptors,Philadelphia 76ers
Brooklyn Nets,Portland Trail Blazers
Phoenix Suns,Utah Jazz
Indiana Pacers,Washington Wizards
Boston Celtics,Chicago Bulls
Washington Wizards,Detroit Pistons
New York Knicks,Orlando Magic
Los Angeles Clippers,Sacramento Kings
Detroit Pistons,Atlanta Hawks
Portland Trail Blazers,Dallas Mavericks
Phoenix Suns,Denver Nuggets
Oklahoma City Thunder,Indiana Pacers
Houston Rockets,Los Angeles Lakers
Memphis Grizzlies,Miami Heat
Charlotte Hornets,Milwaukee Bucks
Washington Wizards,Brooklyn Nets
New Orleans Pelicans,San Antonio Spurs
Cleveland Cavaliers,Toronto Raptors
Golden State Warriors,Utah Jazz
Atlanta Hawks,Charlotte Hornets
Denver Nuggets,Golden State Warriors
Boston Celtics,Indiana Pacers
Sacramento Kings,Los Angeles Clippers
Dallas Mavericks,Memphis Grizzlies
Portland Trail Blazers,Milwaukee Bucks
Minnesota Timberwolves,New Orleans Pelicans
Orlando Magic,Philadelphia 76ers
Los Angeles Lakers,Phoenix Suns
Philadelphia 76ers,Boston Celtics
Detroit Pistons,Miami Heat
Cleveland Cavaliers,Brooklyn Nets
Chicago Bulls,New York Knicks
Toronto Raptors,Oklahoma City Thunder
Houston Rockets,Sacramento Kings
Utah Jazz,San Antonio Spurs
Washington Wizards,Charlotte Hornets
Golden State Warriors,Denver Nuggets
Toronto Raptors,Indiana Pacers
Los Angeles Clippers,Memphis Grizzlies
Oklahoma City Thunder,Milwaukee Bucks
Phoenix Suns,Minnesota Timberwolves
Los Angeles Lakers,New Orleans Pelicans
Detroit Pistons,Orlando Magic
Houston Rockets,Portland Trail Blazers
San Antonio Spurs,Utah Jazz
New York Knicks,Chicago Bulls
Charlotte Hornets,Cleveland Cavaliers
Sacramento Kings,Dallas Mavericks
Boston Celtics,Miami Heat
Philadelphia 76ers,Brooklyn Nets
Orlando Magic,Washington Wizards
Atlanta Hawks,Boston Celtics
Indiana Pacers,Cleveland Cavaliers
Minnesota Timberwolves,Denver Nuggets
Utah Jazz,Houston Rockets
Phoenix Suns,Memphis Grizzlies
New York Knicks,Milwaukee Bucks
Sacramento Kings,New Orleans Pelicans
Los Angeles Clippers,Oklahoma City Thunder
Golden State Warriors,Portland Trail Blazers
Los Angeles Lakers,San Antonio Spurs
Philadelphia 76ers,Toronto Raptors
Detroit Pistons,Charlotte Hornets
Miami Heat,Chicago Bulls
Dallas Mavericks,Golden State Warriors
Los Angeles Clippers,Minnesota Timberwolves
Memphis Grizzlies,San Antonio Spurs
Milwaukee Bucks,Detroit Pistons
Phoenix Suns,Houston Rockets
Cleveland Cavaliers,Indiana Pacers
Denver Nuggets,Los Angeles Lakers
Charlotte Hornets,Miami Heat
Utah Jazz,New Orleans Pelicans
Washington Wizards,New York Knicks
Sacramento Kings,Oklahoma City Thunder
Atlanta Hawks,Orlando Magic
Brooklyn Nets,Philadelphia 76ers
Dallas Mavericks,Portland Trail Blazers
Boston Celtics,Toronto Raptors
Golden State Warriors,Los Angeles Clippers
Utah Jazz,Memphis Grizzlies
Indiana Pacers,Milwaukee Bucks
Oklahoma City Thunder,Minnesota Timberwolves
Boston Celtics,Brooklyn Nets
Phoenix Suns,San Antonio Spurs
Cleveland Cavaliers,Washington Wizards
Toronto Raptors,Atlanta Hawks
Boston Celtics,Charlotte Hornets
Orlando Magic,Cleveland Cavaliers
Houston Rockets,Denver Nuggets
Chicago Bulls,Detroit Pistons
Dallas Mavericks,Los Angeles Lakers
Memphis Grizzlies,New Orleans Pelicans
Miami Heat,New York Knicks
Portland Trail Blazers,Sacramento Kings
New Orleans Pelicans,Charlotte Hornets
Washington Wizards,Chicago Bulls
San Antonio Spurs,Golden State Warriors
Denver Nuggets,Houston Rockets
Minnesota Timberwolves,Indiana Pacers
Oklahoma City Thunder,Los Angeles Clippers
Miami Heat,Brooklyn Nets
Philadelphia 76ers,Orlando Magic
Portland Trail Blazers,Phoenix Suns
Atlanta Hawks,Toronto Raptors
Dallas Mavericks,Utah Jazz
Cleveland Cavaliers,Detroit Pistons
San Antonio Spurs,Los Angeles Lakers
Memphis Grizzlies,Minnesota Timberwolves
Boston Celtics,New York Knicks
Indiana Pacers,Philadelphia 76ers
Detroit Pistons,Atlanta Hawks
Orlando Magic,Boston Celtics
Chicago Bulls,Charlotte Hornets
Philadelphia 76ers,Cleveland Cavaliers
Houston Rockets,Dallas Mavericks
Los Angeles Clippers,Denver Nuggets
Los Angeles Lakers,Golden State Warriors
New Orleans Pelicans,Memphis Grizzlies
Toronto Raptors,Miami Heat
New York Knicks,Brooklyn Nets
Oklahoma City Thunder,Phoenix Suns
Utah Jazz,Portland Trail Blazers
San Antonio Spurs,Sacramento Kings
Milwaukee Bucks,Washington Wizards
Minnesota Timberwolves,Detroit Pistons
Milwaukee Bucks,Indiana Pacers
Chicago Bulls,Miami Heat
Houston Rockets,New Orleans Pelicans
Los Angeles Clippers,Phoenix Suns
Boston Celtics,Atlanta Hawks
Memphis Grizzlies,Charlotte Hornets
New York Knicks,Cleveland Cavaliers
Golden State Warriors,Dallas Mavericks
Oklahoma City Thunder,Sacramento Kings
Los Angeles Lakers,San Antonio Spurs
Dallas Mavericks,Chicago Bulls
Golden State Warriors,Houston Rockets
Philadelphia 76ers,Indiana Pacers
Portland Trail Blazers,Memphis Grizzlies
Washington Wizards,Miami Heat
Brooklyn Nets,Milwaukee Bucks
Denver Nuggets,Phoenix Suns
Orlando Magic,Utah Jazz
New York Knicks,Atlanta Hawks
Sacramento Kings,Charlotte Hornets
Orlando Magic,Denver Nuggets
Toronto Raptors,Detroit Pistons
New Orleans Pelicans,Los Angeles Clippers
Oklahoma City Thunder,Los Angeles Lakers
Houston Rockets,Miami Heat
Golden State Warriors,Minnesota Timberwolves
Cleveland Cavaliers,San Antonio Spurs
Detroit Pistons,Indiana Pacers
Cleveland Cavaliers,Memphis Grizzlies
Toronto Raptors,Milwaukee Bucks
Philadelphia 76ers,Brooklyn Nets
Portland Trail Blazers,San Antonio Spurs
Charlotte Hornets,Washington Wizards
Los Angeles Clippers,Atlanta Hawks
Miami Heat,Boston Celtics
New Orleans Pelicans,Golden State Warriors
Sacramento Kings,Oklahoma City Thunder
Phoenix Suns,Utah Jazz
Washington Wizards,Cleveland Cavaliers
Chicago Bulls,Indiana Pacers
Philadelphia 76ers,Milwaukee Bucks
Los Angeles Clippers,New York Knicks
Denver Nuggets,Oklahoma City Thunder
Charlotte Hornets,Orlando Magic
San Antonio Spurs,Phoenix Suns
Dallas Mavericks,Atlanta Hawks
Milwaukee Bucks,Boston Celtics
New York Knicks,Charlotte Hornets
Cleveland Cavaliers,Chicago Bulls
Philadelphia 76ers,Detroit Pistons
San Antonio Spurs,Golden State Warriors
New Orleans Pelicans,Houston Rockets
Orlando Magic,Memphis Grizzlies
Denver Nuggets,Minnesota Timberwolves
Los Angeles Lakers,Sacramento Kings
Brooklyn Nets,Toronto Raptors
Portland Trail Blazers,Utah Jazz
Miami Heat,Washington Wizards
Philadelphia 76ers,Chicago Bulls
Orlando Magic,Indiana Pacers
New York Knicks,Miami Heat
Dallas Mavericks,Oklahoma City Thunder
Boston Celtics,Atlanta Hawks
Denver Nuggets,Los Angeles Lakers
Los Angeles Clippers,Memphis Grizzlies
Utah Jazz,San Antonio Spurs
Orlando Magic,Indiana Pacers
New York Knicks,Miami Heat
Dallas Mavericks,Oklahoma City Thunder
Boston Celtics,Atlanta Hawks
Philadelphia 76ers,Chicago Bulls
Denver Nuggets,Los Angeles Lakers
Los Angeles Clippers,Memphis Grizzlies
Indiana Pacers,Orlando Magic
Utah Jazz,San Antonio Spurs
Oklahoma City Thunder,Dallas Mavericks
Miami Heat,New York Knicks
Atlanta Hawks,Boston Celtics
Los Angeles Lakers,Denver Nuggets
Chicago Bulls,Philadelphia 76ers
Oklahoma City Thunder,Dallas Mavericks
Memphis Grizzlies,Los Angeles Clippers
Indiana Pacers,Orlando Magic
San Antonio Spurs,Utah Jazz
Atlanta Hawks,Boston Celtics
Los Angeles Lakers,Denver Nuggets
Miami Heat,New York Knicks
Chicago Bulls,Philadelphia 76ers
Memphis Grizzlies,Los Angeles Clippers
San Antonio Spurs,Utah Jazz
Boston Celtics,Atlanta Hawks
Philadelphia 76ers,Chicago Bulls
Orlando Magic,Indiana Pacers
Denver Nuggets,Los Angeles Lakers
Los Angeles Clippers,Memphis Grizzlies
New York Knicks,Miami Heat
Atlanta Hawks,Boston Celtics
Los Angeles Lakers,Denver Nuggets
Chicago Bulls,Philadelphia 76ers
Memphis Grizzlies,Los Angeles Clippers
Philadelphia 76ers,Boston Celtics
Denver Nuggets,Los Angeles Lakers
Los Angeles Clippers,Memphis Grizzlies
Indiana Pacers,Miami Heat
Philadelphia 76ers,Boston Celtics
Los Angeles Lakers,Oklahoma City Thunder
Indiana Pacers,Miami Heat
Los Angeles Clippers,San Antonio Spurs
Los Angeles Lakers,Oklahoma City Thunder
Boston Celtics,Philadelphia 76ers
Miami Heat,Indiana Pacers
Los Angeles Clippers,San Antonio Spurs
Oklahoma City Thunder,Los Angeles Lakers
Boston Celtics,Philadelphia 76ers
San Antonio Spurs,Los Angeles Clippers
Oklahoma City Thunder,Los Angeles Lakers
Miami Heat,Indiana Pacers
San Antonio Spurs,Los Angeles Clippers
Philadelphia 76ers,Boston Celtics
Los Angeles Lakers,Oklahoma City Thunder
Indiana Pacers,Miami Heat
Boston Celtics,Philadelphia 76ers
Miami Heat,Indiana Pacers
Philadelphia 76ers,Boston Celtics
Oklahoma City Thunder,San Antonio Spurs
Boston Celtics,Miami Heat
Oklahoma City Thunder,San Antonio Spurs
Boston Celtics,Miami Heat
San Antonio Spurs,Oklahoma City Thunder
Miami Heat,Boston Celtics
San Antonio Spurs,Oklahoma City Thunder
Miami Heat,Boston Celtics
Oklahoma City Thunder,San Antonio Spurs
Boston Celtics,Miami Heat
San Antonio Spurs,Oklahoma City Thunder
Miami Heat,Boston Celtics
Boston Celtics,Miami Heat
Miami Heat,Oklahoma City Thunder
Miami Heat,Oklahoma City Thunder
Oklahoma City Thunder,Miami Heat
Oklahoma City Thunder,Miami Heat
Oklahoma City Thunder,Miami Heat
